id,first_name,last_name,date_of_birth,department_id,date_started,level_id,salary
1,Theresa,Hudson,2000-08-09,4,2001-12-31,2,64992
2,John,Ayers,1976-07-23,4,2014-03-29,3,87606
3,Roberta,Cline,1988-02-06,1,2001-05-23,4,92667
4,Tyler,Morales,1996-08-28,3,2013-05-31,2,63610
5,Joshua,King,1970-05-22,5,1998-05-25,3,104537
6,Kristen,Scott,1990-10-06,4,2016-02-12,2,61184
7,Erin,Thomas,1968-02-21,4,2001-08-04,2,71314
8,Jaime,Lee,1986-09-05,3,2008-06-04,2,62001
9,Mary,Snyder,1989-12-28,4,2011-01-14,3,84920
10,Bobby,Daniel,1996-02-03,3,2004-11-26,1,41224
11,Michael,Mccormick,1972-07-13,5,2011-01-10,2,76008
12,Amanda,Duffy,1996-10-19,2,1998-04-20,5,143398
13,Dalton,Aguirre,1970-10-28,5,1995-08-27,6,160702
14,James,Wiley,1999-07-29,2,2009-11-10,2,71200
15,Walter,Frank,1986-10-03,3,2011-10-23,3,73503
16,Michelle,Williams,1981-05-29,2,1992-02-21,3,96341
17,Jennifer,Glass,1993-12-06,1,2007-02-15,3,67175
18,Scott,Hunter,1980-09-09,5,2014-06-30,3,104874
19,Theresa,Vasquez,1986-10-26,3,2008-07-16,1,43132
20,Ralph,Alexander,1977-03-19,5,2010-02-07,4,127531
21,Monica,Shah,1974-03-16,5,2015-12-11,3,99065
22,Austin,Allen,1975-01-31,2,2005-01-21,3,103477
23,Sharon,Cox,2002-07-22,3,2014-11-24,2,64541
24,Daniel,Ruiz,1988-04-12,1,2019-01-29,1,37095
25,Mary,Solis,1967-08-08,1,2010-08-16,2,49675
26,Frederick,Anderson,1984-11-19,3,1997-03-22,2,61386
27,Angela,Kane,1992-06-27,4,2020-05-26,1,40208
28,Anthony,Robertson,1968-03-06,5,2001-09-04,4,131412
29,Amanda,Ramos,1975-07-26,1,2005-06-29,4,89811
30,Pamela,Stewart,2000-01-12,3,2005-01-01,2,64494
31,Jamie,Fuller,1979-10-12,4,1996-05-25,5,135207
32,Laura,Stewart,1987-11-21,3,2014-03-26,2,64371
33,Alexa,Rodgers,1966-02-14,5,1999-11-13,4,113249
34,Randy,Hayes,1991-07-18,2,1993-05-23,3,111924
35,Tiffany,Griffin,1983-01-29,5,1998-03-29,6,166444
36,Colleen,Bradley,1969-06-30,4,2002-01-10,2,68152
37,Donna,Reynolds,1976-08-03,4,2023-10-14,1,45282
38,Natalie,Barber,1965-03-01,5,2009-09-30,3,99453
39,David,Richardson,1981-02-13,3,2009-01-20,2,64563
40,Sherry,Gray,1978-05-06,1,2006-07-02,2,53186
41,Justin,Robinson,1972-08-31,5,1998-12-06,3,96333
42,James,Randolph,1976-06-13,1,2020-05-15,1,35914
43,Eric,Leonard,1974-07-06,1,2022-05-18,2,56691
44,Erika,Vang,1965-09-13,4,2003-04-22,3,91119
45,Robert,Bennett,1984-12-13,1,2021-10-03,1,36622
46,Monica,Smith,1963-11-29,5,2007-09-13,1,52431
47,Robyn,Lowe,2000-11-19,4,1999-12-04,1,45835
48,Brandon,Ford,2000-08-17,3,2009-10-18,2,55777
49,Dawn,Patel,1994-04-25,2,2000-01-10,6,168783
50,Dalton,Cruz,1979-01-03,3,2005-10-14,4,98122
51,Michelle,Ramsey,1981-09-12,1,2013-12-25,2,52914
52,Anthony,Harmon,1978-06-22,2,1997-04-23,3,104696
53,Michael,White,1993-09-29,5,2007-12-08,3,101960
54,John,Hall,1973-06-05,2,2007-08-17,3,95608
55,Jonathan,Howell,1970-12-03,2,2009-04-01,2,77315
56,Gregory,Sandoval,1982-10-26,2,2013-04-07,4,119245
57,Timothy,Knox,1967-04-23,5,1990-01-30,4,122102
58,Dawn,Cruz,2001-10-13,4,2014-06-29,1,45893
59,Melissa,Cox,1993-07-02,1,2010-09-30,2,50480
60,Eric,Johnston,1988-05-21,1,2008-12-01,2,55959
61,Tina,Clay,1968-11-30,3,2009-08-09,1,43231
62,Mark,Delacruz,1994-08-31,5,1994-08-20,3,103240
63,Jordan,Lewis,1975-04-29,4,2023-12-06,1,45197
64,Ashley,Gardner,1976-08-10,1,2018-04-13,1,36545
65,Jessica,Hall,1973-10-06,3,1994-04-13,4,108985
66,Mark,Taylor,1972-04-09,5,1995-07-06,5,138441
67,Donna,Poole,1974-08-17,3,2017-02-22,1,42762
68,Nicholas,Rogers,1987-10-03,1,2002-08-06,2,52128
69,Evan,Walker,1985-06-18,5,2009-02-04,2,74157
70,Elizabeth,White,1983-08-27,3,2006-01-21,2,65779
71,Amanda,Lee,1984-01-10,5,2018-06-11,2,65740
72,Sean,Ochoa,1974-08-14,2,2002-09-30,4,128026
73,Mariah,Stewart,1990-11-09,5,2001-08-09,3,93372
74,Jasmine,Gay,1979-06-21,5,2018-06-20,3,91338
75,Christopher,Kelly,1970-03-21,5,2016-02-17,3,88433
76,Daniel,Kennedy,1992-03-23,3,1999-04-20,6,150688
77,Gregory,Sloan,1978-04-20,4,2023-06-14,1,46600
78,Audrey,Fischer,1981-03-22,1,2017-07-18,2,54597
79,Alex,Murray,1975-09-23,5,2014-08-16,2,66943
80,Katie,Sanchez,1966-09-08,4,2001-04-05,1,40940
81,Brian,Thompson,1980-01-07,3,2020-06-12,2,64744
82,Lauren,Hernandez,1993-07-25,5,2005-05-02,6,164866
83,Sarah,Davis,1979-06-23,2,1999-05-06,3,112071
84,Stacy,Rhodes,1988-02-12,3,2012-08-02,3,77336
85,Jerry,Delacruz,1973-02-23,2,2013-06-19,5,168144
86,Lori,Valdez,1970-08-25,2,2006-03-14,3,108378
87,Thomas,Wade,1965-07-02,2,2018-01-31,2,83558
88,Matthew,Curry,1985-08-22,1,2010-08-27,3,66088
89,Paige,Gomez,1999-09-02,5,2012-11-29,3,105002
90,Janice,Lara,1981-05-29,3,2014-01-14,3,83586
91,Mark,Madden,1983-04-30,4,2012-11-17,2,70406
92,Michael,Hampton,1984-06-26,1,2009-11-02,5,104413
93,Robert,Lopez,1990-05-21,1,1999-05-31,3,71438
94,Christopher,Brown,1978-03-08,2,1995-09-25,5,150643
95,Erika,Glass,1993-03-22,2,2019-01-21,3,96115
96,Julie,Walton,1970-12-27,1,2013-10-20,3,70403
97,Tara,Robinson,1983-03-19,1,1998-01-01,6,128038
98,Tyler,Rodriguez,1994-09-25,5,2012-11-17,2,71051
99,Thomas,Jones,1966-06-30,4,2013-08-22,2,68840
100,Patrick,Meyer,1999-04-25,5,2002-06-04,3,105206
101,Brian,Thomas,1973-03-13,3,2023-01-19,1,39225
102,Richard,Lang,1977-04-08,5,2001-09-24,4,122209
103,Jennifer,Simpson,1973-09-15,2,2012-04-27,3,107168
104,Mario,Jones,1988-12-25,2,1997-11-19,5,160292
105,Andrew,Brown,1983-09-23,5,1991-10-24,5,133853
106,Andrew,Ward,1965-07-31,4,2021-03-28,1,46403
107,Steven,Russo,1999-06-28,5,1998-04-15,6,176245
108,Deborah,Pittman,1980-06-16,3,1998-07-22,4,97606
109,Christopher,Gibbs,1980-01-15,4,2017-05-27,1,45048
110,Lisa,Moore,1992-06-16,4,1998-09-07,2,65612
111,Johnny,Stephens,2000-09-28,3,2019-06-30,1,39869
112,Michael,Myers,1997-07-04,1,2005-03-02,2,57852
113,Rachel,Norris,1964-12-19,3,1998-03-17,2,54840
114,Jennifer,Stevens,1993-04-14,5,2011-12-15,5,151943
115,Tami,Brown,1998-12-25,1,2008-10-20,1,37192
116,Margaret,Hernandez,1980-09-16,4,2018-06-17,1,47847
117,Kim,Brooks,1983-02-24,5,2006-08-08,6,168609
118,Michele,Hanson,1993-01-28,3,2015-01-23,4,94427
119,Juan,Green,1987-03-23,2,2020-09-30,2,75964
120,Tanya,Yang,1980-02-15,2,2000-09-22,1,48875
121,Brett,Mckinney,1993-10-05,1,2010-02-21,2,50332
122,Henry,Brooks,2001-02-19,3,2014-04-23,2,56312
123,Shannon,Allen,1993-12-22,1,2011-08-23,5,102686
124,Carly,Jensen,1999-07-10,2,2011-02-26,3,95627
125,Christina,Mckenzie,1975-04-22,3,1996-05-10,4,93571
126,Jason,Santana,1964-03-30,2,1998-04-22,4,130198
127,David,Richard,1973-08-24,3,2019-03-19,2,58463
128,John,Russell,1982-07-05,4,2016-06-02,1,42557
129,Danielle,Bishop,1984-12-21,1,1993-10-26,4,85159
130,Daniel,Grant,1964-09-14,1,1997-02-12,2,53815
131,Paula,West,1966-02-16,2,2003-08-01,2,74892
132,William,Ramirez,1972-05-19,2,2005-01-23,1,47583
133,William,Williamson,1972-02-26,1,2006-03-25,2,55041
134,Barbara,Riley,1989-01-20,5,2001-09-06,2,74503
135,David,Ball,1997-11-13,5,2005-10-23,2,74781
136,Monique,Meyers,1979-06-28,5,1999-10-13,4,129541
137,Regina,Reid,1989-09-28,1,2001-10-07,3,68157
138,Matthew,Neal,1970-04-20,1,2015-01-30,1,33441
139,Carlos,Rich,1990-11-07,1,2009-12-16,1,33950
140,Michael,Bennett,1966-06-25,2,1993-09-18,5,144008
141,Deborah,Ross,1973-07-22,5,1994-04-11,4,126122
142,Jessica,Herrera,1974-06-26,5,2022-01-07,1,51806
143,Felicia,Mcmahon,1967-10-04,1,2017-01-09,2,59107
144,Andrew,Robinson,1969-10-08,4,2010-07-18,4,117586
145,Debra,Cline,1994-07-03,1,2018-09-06,2,51654
146,Scott,Harris,1977-12-27,3,2020-07-14,2,61654
147,Kayla,Miller,1985-05-02,1,2001-04-28,3,76458
148,Robert,Anderson,1998-02-08,1,2003-02-20,1,33766
149,Nicholas,Kim,1981-03-28,5,2010-11-26,3,99249
150,Suzanne,Walsh,1985-11-07,1,1988-02-04,6,125657
151,John,Haley,1979-02-03,2,2014-08-15,3,112999
152,Jessica,Silva,1969-07-11,2,1999-06-13,4,123880
153,Andrea,Love,1980-12-31,1,2000-10-23,2,50494
154,Phillip,Jones,1978-01-17,4,2006-07-08,1,44585
155,Robert,Green,1983-12-19,2,1991-10-12,3,105243
156,Erika,Jones,1967-07-08,1,2002-12-04,2,56501
157,Sara,Hancock,1978-09-03,1,2019-11-21,1,34846
158,Brian,Brown,1983-02-12,5,1997-02-28,4,127533
159,Andrew,Marshall,1969-02-16,4,2014-08-10,1,48202
160,Jessica,Allen,1969-06-08,5,2015-04-02,3,92523
161,Patricia,Miller,1968-10-17,1,1999-09-16,6,118623
162,Marie,Santiago,1973-07-05,3,2002-04-29,3,73888
163,Leslie,Curtis,2000-04-13,1,2001-02-28,3,71873
164,Amanda,Goodman,1980-08-19,2,2020-12-01,1,52065
165,Wanda,Gonzales,1992-12-06,1,1997-06-19,6,121065
166,Alec,Johnson,1973-07-18,3,2009-02-11,2,60710
167,Nicholas,Lane,1978-11-13,3,2011-02-20,5,117931
168,William,Arias,1964-01-22,4,2019-06-23,2,60689
169,Heather,Dennis,1990-07-02,2,1996-11-15,3,108342
170,Larry,Rodriguez,1969-12-11,1,2013-11-01,1,39266
171,Jennifer,Blair,1969-03-20,5,2014-11-16,3,86802
172,Amanda,Martinez,1982-07-02,4,2006-02-19,2,69222
173,Johnny,Taylor,1970-11-22,1,2015-01-28,4,93073
174,Daniel,Castro,1984-09-20,5,2005-05-10,5,131695
175,Kristin,Hawkins,1965-03-24,1,2017-12-08,3,78065
176,Austin,Cunningham,1963-08-16,4,2018-02-23,2,67672
177,Jessica,King,1972-11-14,2,1996-06-23,4,129358
178,Emily,Kim,1969-10-27,3,2004-12-10,6,138667
179,Leroy,Stein,2001-02-01,3,2019-03-31,1,39349
180,Julia,Ford,1996-07-28,4,2006-10-19,1,48096
181,Steven,Montgomery,1983-05-15,5,1999-09-05,5,137615
182,David,Gonzalez,1999-04-01,2,2014-04-26,2,76628
183,Theresa,Navarro,1991-01-08,2,1994-06-03,3,112836
184,Travis,Wood,1990-09-05,1,2015-01-30,1,34688
185,Martha,Keith,1990-05-04,2,2012-01-10,3,99755
186,Alexis,Bates,1989-07-10,2,1998-04-01,5,164841
187,Katherine,Stewart,1976-11-29,3,2016-07-25,2,58293
188,Anthony,Campbell,1985-06-08,5,2003-02-21,2,77849
189,Gregory,Benson,1999-01-18,3,2015-03-22,4,94021
190,Jennifer,Brown,1982-02-04,1,2014-03-23,1,32414
191,Gail,Dean,1970-05-25,5,1999-10-13,2,68844
192,Lisa,Johns,1988-06-28,4,2002-05-01,5,143698
193,Andrea,Alvarez,1986-03-12,2,2007-11-02,4,122733
194,Harry,Castaneda,1991-09-16,1,1999-05-31,3,78224
195,Michael,Shaffer,1988-02-24,4,2009-06-19,3,80261
196,Arthur,Moore,2001-03-11,4,2013-08-22,4,111992
197,Brandy,Maxwell,1979-10-18,5,2014-09-19,3,95736
198,Andrea,Webb,1970-12-02,5,2014-07-05,3,89002
199,Linda,Levine,1969-06-14,3,1994-03-28,3,77879
200,Matthew,Rodriguez,1989-12-08,3,2004-08-23,3,82794
201,Alexandra,Miller,1982-07-17,4,2015-01-18,3,91042
202,James,Shelton,1997-01-21,3,2017-12-14,2,65306
203,Jake,Garrett,1965-07-18,2,2000-05-26,5,160593
204,John,Hunt,1983-06-07,5,2011-01-10,3,101438
205,Cassandra,Jennings,1972-07-01,1,2005-04-21,1,39477
206,Lucas,Robertson,1976-04-01,4,1993-02-10,6,146132
207,Christine,Hill,1983-01-07,1,1997-01-31,2,49731
208,Lori,Perry,2000-12-17,3,2000-06-12,1,39105
209,Brittany,Nelson,1975-10-12,1,2001-07-11,2,55580
210,Jennifer,Obrien,1986-05-22,5,2001-11-22,4,131322
211,Cassidy,Fisher,1983-07-11,3,2002-01-28,2,62996
212,Taylor,Garcia,1990-05-10,2,2012-08-17,1,48312
213,Stacy,Yoder,2002-05-24,2,2022-06-29,2,74046
214,Dennis,Wheeler,1988-11-09,4,2013-07-15,2,61748
215,Eric,Liu,1968-12-12,3,2006-07-22,3,82802
216,Mckenzie,Molina,1981-07-27,5,2014-07-07,1,46781
217,Sarah,Kennedy,1982-03-19,3,2016-01-28,2,58593
218,Kimberly,Guzman,1996-05-29,3,2022-04-14,1,38354
219,Phillip,Jefferson,1984-02-05,5,1993-08-12,3,91247
220,Keith,Leonard,1967-02-06,5,1991-08-29,4,112018
221,Michael,Nichols,1993-06-19,2,2003-08-16,5,157008
222,Elizabeth,Brown,1987-10-17,3,2002-12-15,2,59098
223,Steven,Roy,1997-08-03,4,2008-01-22,3,86247
224,Jennifer,Robinson,1989-01-12,4,2015-04-25,3,83974
225,Penny,Gonzales,1973-11-08,1,2008-02-26,1,35792
226,Jimmy,Brooks,1986-06-01,1,2013-11-16,3,75682
227,Ana,Ray,1967-10-17,5,2016-09-18,3,88655
228,Jaclyn,Brooks,1993-09-10,2,2008-10-05,5,168046
229,Crystal,Perez,1990-04-22,3,1999-04-11,4,105497
230,Sara,Graves,1974-06-25,2,2006-02-12,5,140825
231,Elizabeth,Kaufman,1974-10-21,2,2000-07-12,3,102547
232,Yvette,Hernandez,1969-02-10,2,2005-05-03,3,104880
233,Donald,Jenkins,1970-06-08,4,1996-11-07,3,90503
234,Erica,Carter,1998-02-12,4,2000-06-26,3,84719
235,Kelsey,Jackson,1993-05-07,5,2004-11-12,3,103913
236,Charles,Larsen,1991-11-04,4,2008-11-11,1,45269
237,Jessica,Gutierrez,1978-06-01,1,2009-08-12,1,33430
238,Jennifer,Jones,1991-06-13,4,1990-05-13,5,138871
239,Lawrence,Reid,1970-02-22,5,2014-08-31,3,94248
240,Jessica,Macias,1976-11-24,4,2014-11-27,1,41768
241,John,Whitney,1995-01-16,1,2014-03-03,1,37471
242,Richard,Larson,1982-04-04,2,2004-12-13,2,71368
243,Roy,Brown,1976-03-04,4,2020-02-16,2,60242
244,Brittney,Johnson,1999-04-22,1,2015-11-11,4,98701
245,Justin,Rogers,1996-02-02,3,1993-07-25,5,131289
246,Emily,Rodriguez,1995-10-29,2,2013-10-31,4,128514
247,William,Smith,1975-02-06,4,2002-10-03,4,109556
248,Gary,Clements,1995-01-25,5,2008-12-17,2,69225
249,Kelly,Thomas,2001-07-14,4,2003-07-08,3,85857
250,Kristina,Anderson,2001-05-04,5,2001-05-03,4,109016
251,William,Ruiz,1980-06-23,5,2017-07-12,2,66452
252,Kimberly,Kelley,1995-04-27,1,2020-12-28,1,32727
253,Carlos,Stewart,1994-01-19,1,2006-01-11,1,35616
254,Karen,Martinez,1984-11-29,4,2004-03-13,1,44012
255,Amanda,Jones,1979-07-29,3,2020-10-15,1,42176
256,Andrew,Jenkins,1992-03-09,3,2004-06-30,3,79855
257,Zachary,Chavez,1969-01-12,4,2018-07-05,3,87972
258,Elizabeth,Mason,1977-10-06,1,2009-06-26,3,71824
259,Eric,Shaw,1976-02-23,4,2007-09-01,3,94073
260,Lauren,Cummings,1968-10-02,2,2018-01-28,3,106923
261,Shawn,Schroeder,1985-07-23,5,1996-09-30,4,109646
262,Stephen,Bryant,1973-03-24,1,2006-10-18,1,34686
263,Christina,Garcia,1965-05-01,2,1996-07-14,3,109226
264,Stephanie,Kelley,1985-06-19,1,2009-01-25,3,73248
265,Edward,Rodriguez,1987-03-24,4,2012-05-01,2,69172
266,Jacob,Jackson,1984-05-29,4,1999-05-26,4,108958
267,Robert,Travis,1987-05-13,3,2007-03-04,3,78586
268,Sara,Patel,2001-10-20,1,2007-01-31,2,54984
269,Latoya,Wilson,1986-01-02,2,2002-08-06,1,48326
270,Elizabeth,Cox,1994-01-23,1,2019-10-27,2,49178
271,Johnny,Guerra,1965-05-19,1,1999-11-06,1,37823
272,Adam,Perez,1968-07-23,5,2011-09-25,2,69551
273,Frank,Dominguez,1984-05-31,5,2007-02-19,3,96787
274,Carmen,Cunningham,1986-02-20,1,1998-02-02,2,58812
275,Paul,Smith,1982-10-29,2,2016-04-11,3,107776
276,Stephanie,Knapp,1978-06-28,1,2000-10-09,2,53679
277,Amanda,Mcgee,1970-04-28,5,1995-09-23,6,163675
278,Alexander,Lam,1987-06-29,2,1991-07-07,4,137300
279,Amanda,Harrison,1976-03-08,3,2014-01-13,3,81628
280,Katherine,Sullivan,1984-05-10,3,1995-12-21,4,101769
281,Richard,Simpson,1998-07-12,2,2009-02-07,3,98678
282,Julia,Hill,1973-04-21,1,2005-04-21,2,55810
283,Robert,Contreras,1986-02-20,4,2013-03-13,1,40564
284,Charlotte,Williams,1980-07-10,4,1997-09-10,2,68875
285,Paul,Stuart,1973-09-03,1,2010-07-18,1,34616
286,Destiny,Harrison,1983-03-21,1,2000-09-11,5,115423
287,Melissa,Perry,1992-05-16,3,2002-05-13,2,55386
288,Roger,Lopez,1985-07-23,4,2019-03-25,1,41119
289,Amber,Salas,1968-10-21,1,2001-12-31,2,52793
290,Jeffrey,Farley,1982-01-02,3,2019-05-01,1,41164
291,Pamela,Gamble,1963-09-03,2,2002-02-08,1,53685
292,Andrew,Phillips,1992-01-26,5,1993-05-22,3,93338
293,Amy,Myers,1997-10-21,3,2019-05-13,2,64645
294,Joseph,Leblanc,1991-08-19,1,2018-10-03,1,37286
295,Margaret,May,1966-08-12,2,2002-06-03,5,152867
296,Greg,Sanchez,1990-08-15,3,2004-03-06,3,78779
297,Jeffrey,Webb,1977-09-10,1,2003-07-08,2,58470
298,Jonathan,Smith,1977-06-19,1,2008-01-29,2,57121
299,Kimberly,Adkins,1979-10-14,1,2019-03-23,1,36919
300,Anthony,Proctor,1995-12-21,2,2006-04-10,5,149075
301,Linda,Khan,1985-01-23,3,2005-01-26,2,63255
302,Allen,Sullivan,1989-02-23,5,1999-03-05,3,99522
303,Jennifer,Moore,1968-05-15,3,1992-11-22,6,153291
304,Patricia,Curtis,1967-12-16,3,2015-08-26,2,57007
305,Courtney,Kent,1976-08-07,5,1994-10-20,5,132439
306,Jennifer,Reese,1971-09-16,1,2001-04-12,2,57907
307,Benjamin,Erickson,1967-09-08,5,2005-07-23,5,140821
308,Renee,Bates,1977-11-13,4,2011-01-28,2,68557
309,Suzanne,Moore,1976-02-04,4,2011-01-15,3,87588
310,Timothy,Taylor,1981-05-03,4,2021-01-24,1,40420
311,Daniel,Moore,1989-06-24,3,2013-01-10,3,84083
312,Brett,Young,2002-07-06,5,2013-09-09,2,69803
313,Susan,Anderson,2002-02-05,2,2010-05-08,3,114121
314,Robert,Wood,1989-11-17,2,2005-03-24,3,109569
315,Laura,Williams,1966-08-29,4,1999-11-02,4,102100
316,Jessica,Daniels,1994-08-25,5,2012-06-16,5,147086
317,Michael,Lopez,1995-05-16,3,2007-11-03,6,146109
318,David,Martinez,1998-06-17,1,1994-03-20,4,90222
319,Anna,Thompson,1985-08-03,2,2016-06-29,3,95019
320,Robert,Wilson,2000-04-13,2,1992-07-13,3,113079
321,Tina,Brady,1994-12-29,3,2004-04-02,1,37038
322,Ashley,Graves,1970-10-08,3,2000-07-30,1,40297
323,Ashley,Olson,2002-06-19,3,2020-10-24,1,41450
324,Lisa,Miller,1980-03-29,3,2023-04-24,1,36119
325,Amber,Martinez,1965-09-25,1,2015-06-13,2,56479
326,Melissa,Flynn,2002-06-18,3,2007-05-18,3,80513
327,Mary,Obrien,1964-03-17,5,1993-12-27,5,151510
328,Nathan,Bishop,1987-11-18,1,2007-12-11,6,134780
329,Michael,Tapia,1996-02-04,1,2015-08-07,2,59005
330,Holly,Stevenson,1967-09-03,3,2014-09-07,2,56369
331,Jason,Jenkins,1968-02-22,2,2010-04-03,6,170218
332,Jeffrey,Yang,1985-10-13,2,2010-11-11,5,160439
333,Cassandra,Faulkner,1985-12-09,5,2006-04-21,3,103203
334,Victor,Taylor,1989-05-26,3,2021-05-18,1,41769
335,Jerry,King,1967-11-25,3,2006-03-06,2,59713
336,Gregory,Brown,1998-12-14,4,2003-05-02,2,67020
337,Andrea,Smith,1982-12-13,5,2020-04-16,2,65364
338,Kristin,Alexander,1972-10-09,2,2010-02-12,1,56202
339,David,Nelson,1988-11-01,3,2004-05-08,1,41039
340,Troy,Reed,1981-10-11,1,1995-07-19,3,71670
341,Deborah,Barrera,1983-12-17,4,1996-07-28,4,110982
342,Jennifer,Lopez,1970-10-21,2,2006-10-04,5,160028
343,Ashley,King,1972-05-25,1,2017-12-29,1,39120
344,Steven,Jackson,1990-03-20,3,2005-03-15,1,36919
345,Bianca,Keith,1969-04-23,2,2003-09-08,3,101754
346,Kimberly,Bryant,1993-10-03,5,2010-08-09,2,74378
347,Christopher,Simmons,1994-08-25,1,2005-05-30,1,38301
348,Ashley,Hardy,1976-01-17,3,2014-11-30,2,62455
349,Jamie,Murray,1969-09-27,4,2007-02-08,6,145416
350,Alexandra,Sweeney,1966-09-16,3,2002-10-29,1,42849
351,Ronald,Mayo,1972-02-03,3,1999-09-16,2,65696
352,Barbara,Brown,1966-01-30,4,1999-08-09,3,82441
353,Justin,Armstrong,1990-05-16,1,2017-12-16,1,37206
354,Brandon,Hunt,1980-02-19,1,2009-01-24,4,82382
355,Douglas,Bowman,1980-12-23,5,2020-02-14,2,78044
356,Jerome,Lam,1982-06-19,4,1999-04-02,2,72368
357,Angela,Silva,1996-07-08,4,2003-11-09,2,63621
358,Ernest,Villanueva,1972-02-18,3,1991-01-30,4,103481
359,Curtis,Golden,2000-08-27,3,2009-04-18,2,58944
360,Ricky,Hill,1992-01-05,1,1986-03-09,6,119656
361,Juan,Foley,1991-07-03,4,2005-05-26,1,46101
362,Michelle,Smith,1975-07-19,1,2014-03-14,3,72607
363,Linda,Arellano,1979-06-09,4,2003-02-02,2,65411
364,Kathryn,Hutchinson,1972-11-14,4,2017-03-01,2,70607
365,Amy,Moore,1982-03-29,1,1995-02-16,3,78565
366,Cheryl,Nichols,1969-12-21,3,2003-05-17,2,60394
367,Susan,Olson,1974-08-18,3,2015-10-27,3,78173
368,Erica,Cameron,1991-03-12,2,1999-01-23,3,95011
369,Virginia,Johnson,1982-05-31,2,1987-09-14,6,179121
370,Daniel,Livingston,1982-04-01,5,2020-12-06,2,74220
371,Jenna,Hayes,1989-04-27,4,2001-04-04,5,145179
372,Eric,Stout,1998-03-06,1,2006-09-20,1,35733
373,Alexandria,Edwards,1970-06-06,1,2004-02-22,5,103166
374,Misty,Grant,1974-03-29,1,1998-11-07,2,55536
375,Deborah,Lopez,1987-08-05,2,2000-02-19,3,97780
376,Michael,Davis,1989-05-27,2,2002-12-19,5,162678
377,Jeffrey,Turner,1978-10-10,1,2010-10-19,2,51661
378,Wanda,Bush,1970-04-20,4,2006-03-20,1,44718
379,Carlos,Harrison,1975-07-10,1,2004-02-16,2,53529
380,Amber,Johnson,1987-07-20,1,2021-07-31,2,58429
381,Maria,Wolf,1996-02-26,4,2009-02-07,2,63924
382,Amber,Patel,1989-04-15,5,2020-01-07,1,45079
383,Julie,Torres,1996-09-26,5,2010-02-26,2,73344
384,Sean,Jones,1996-12-18,3,2020-06-25,1,40516
385,Jason,Callahan,1987-10-17,4,1999-01-05,1,44044
386,Manuel,Richards,1965-01-01,4,2014-07-23,2,70918
387,Matthew,Jennings,1998-09-30,5,2000-06-21,3,100155
388,Abigail,Gray,1986-03-27,2,2018-01-15,2,85652
389,Gabriel,Marks,1998-10-28,4,2007-02-14,2,60514
390,Scott,Glass,1982-01-18,1,2002-05-11,1,36902
391,Mary,Blake,1969-03-08,3,2010-10-06,3,86793
392,Michael,Carlson,1991-04-19,2,2003-03-05,6,197368
393,Kimberly,Allen,1992-06-16,3,2010-08-29,3,84119
394,James,Kaiser,1979-09-13,5,1997-07-03,3,95449
395,Gregory,Holloway,1984-12-30,2,2001-01-12,2,74451
396,David,Gonzalez,1985-03-16,4,2014-09-07,1,42063
397,John,Farmer,1971-04-10,2,2012-02-26,3,110564
398,Jason,Rivera,1997-06-05,3,2013-01-20,3,75014
399,Diane,Thomas,1994-10-30,1,2015-01-07,2,48739
400,Annette,Cooper,1991-08-14,1,2016-08-19,3,72447
401,Alejandro,Taylor,1981-06-17,1,2003-07-28,1,33125
402,Todd,Bauer,1984-07-13,5,1996-06-09,3,90531
403,Jennifer,Peterson,1992-10-10,4,2004-06-19,2,65579
404,Andrew,Salazar,1988-07-22,2,1994-05-03,5,169536
405,Amber,King,1995-01-15,1,2012-05-22,3,74259
406,Kelly,Luna,1991-10-07,4,2006-10-08,1,45304
407,Justin,Patterson,1999-05-05,4,2011-05-10,3,94469
408,Shawn,Hampton,1997-06-01,3,2013-09-10,2,55735
409,Katherine,Villarreal,1983-12-01,2,1999-02-15,4,141754
410,Eduardo,Hunt,1988-06-15,1,2006-01-12,4,93263
411,Melissa,Small,1969-07-23,2,2002-06-08,2,71493
412,Nicholas,Sanchez,1981-10-02,5,2022-02-15,1,47266
413,Reginald,Washington,1996-05-14,2,2015-03-24,3,108047
414,Thomas,Cook,1975-02-05,1,2004-06-13,1,37456
415,Jonathan,Baker,1967-04-27,2,2002-02-10,4,136712
416,Dana,Johnson,1977-04-21,4,2010-07-04,3,88566
417,Daisy,Kennedy,1999-11-16,4,2002-10-18,1,45490
418,Daniel,Harris,1979-05-28,3,2002-10-28,4,95621
419,Darlene,Davis,1981-09-22,5,1998-08-04,3,104430
420,Michael,Keith,1983-10-13,2,2003-10-16,2,82053
421,Michael,Thomas,2001-07-01,1,2002-02-21,2,55453
422,Ashley,Logan,1989-06-29,5,2007-11-26,3,98038
423,Roger,Riley,1991-08-28,4,2010-04-04,2,68078
424,Gregory,Clements,1993-09-02,2,2006-05-26,4,129615
425,Scott,Morse,1970-08-13,5,2020-08-24,1,44833
426,Edward,Case,1975-08-29,4,2003-08-10,6,168012
427,Terri,Maddox,1963-08-20,4,2003-10-14,2,71864
428,Alex,Williams,1991-02-22,5,2001-02-27,2,70407
429,Bryan,Porter,1999-09-12,4,2000-07-05,2,67137
430,Eddie,Taylor,1992-01-25,3,2011-02-08,2,63520
431,Bobby,Benitez,1993-03-25,4,2007-01-06,2,71144
432,Kari,Myers,1992-12-21,4,2016-01-31,1,46357
433,Richard,Pierce,1976-11-19,2,2008-06-19,2,71639
434,Wendy,Molina,1976-03-21,5,2001-12-21,4,117273
435,Amber,Mckenzie,1983-11-27,5,2014-04-12,2,71350
436,Elizabeth,Hernandez,2002-01-09,2,2000-07-04,5,168929
437,Lindsay,Beasley,1995-01-31,1,2009-01-26,4,82047
438,Toni,Tran,1988-05-18,3,2007-08-14,3,74536
439,Brian,Martinez,1974-01-31,3,2008-01-11,2,58677
440,Nicholas,Butler,1978-08-21,3,2003-01-23,2,57112
441,Billy,Dodson,1979-03-18,1,2010-03-28,6,138525
442,Briana,Durham,1983-04-30,5,2000-09-21,2,70300
443,Joseph,Miller,2000-09-16,2,2001-07-21,3,107666
444,John,Wang,1978-05-30,3,1994-07-30,4,91053
445,Lisa,Perry,1983-09-14,5,2003-04-25,3,104346
446,Timothy,Roberts,1978-05-20,2,2005-04-18,2,78172
447,Wendy,Anderson,1963-08-27,4,2020-01-26,2,69244
448,Christina,Smith,1988-04-06,5,2001-10-24,3,94744
449,Beverly,Smith,2002-02-18,3,2004-03-29,2,65792
450,Heather,Ellis,1975-06-09,4,2009-10-06,1,45525
451,Samuel,Bryant,1988-01-15,1,1993-09-02,5,102491
452,Jennifer,Smith,1992-04-11,1,2012-07-03,2,57278
453,Anne,Jacobs,1979-03-17,5,2006-05-08,3,102222
454,Amanda,Mendez,1982-11-09,1,2000-08-04,1,38878
455,Hector,Kim,1994-08-27,1,2007-08-02,2,55725
456,Sheri,Anthony,1991-04-02,2,2010-09-03,1,49157
457,Tamara,Gutierrez,1985-02-07,2,1995-12-30,6,198456
458,Janet,Mitchell,1999-10-10,1,2004-12-27,4,97277
459,Larry,Murphy,1981-10-12,3,2008-07-06,2,65653
460,John,Griffin,1996-11-06,1,2001-08-26,1,33521
461,Elizabeth,Mckinney,1971-04-29,4,2003-11-13,1,42495
462,Gabriella,Trevino,1971-10-22,3,2016-04-11,1,38953
463,Erin,Beck,1983-04-20,2,2009-03-08,4,136595
464,Alicia,Pena,1990-02-23,2,2015-04-20,4,117572
465,Ashley,Gray,1973-06-17,4,2000-11-09,3,86371
466,Steven,Gray,1975-04-05,3,2018-03-30,2,65564
467,Cynthia,Saunders,1966-09-25,5,2014-12-11,3,101246
468,Amy,Swanson,1980-08-02,4,2021-03-12,1,48104
469,Michelle,Gutierrez,1988-08-17,5,1999-05-23,5,151876
470,Brad,Sanchez,1978-07-12,5,1999-01-05,4,123780
471,Becky,White,1964-03-19,1,2006-02-24,1,34343
472,Amanda,Drake,1983-11-06,5,2007-12-02,3,100424
473,Joseph,Martin,2002-07-23,1,1986-08-21,5,117035
474,Rebecca,Moore,1989-05-08,5,2008-04-07,6,176474
475,William,Key,1964-01-28,5,1995-08-07,5,133623
476,Brittany,Velazquez,1989-06-23,1,1993-12-12,3,67662
477,Alexandra,Burton,1975-02-14,4,2014-11-22,1,42518
478,Tyler,Silva,1985-11-16,2,2003-12-07,3,101859
479,Cindy,Webb,1984-01-17,3,2007-12-21,3,73083
480,Lori,Lewis,1983-11-14,5,2005-11-20,4,126893
481,Kathryn,Mckenzie,2000-08-31,5,2002-03-17,4,130081
482,Amanda,Watkins,1999-10-19,4,1997-01-13,2,60801
483,Robin,Gutierrez,1976-11-08,4,2010-07-09,5,125341
484,Megan,Adams,1996-03-01,4,1997-03-23,3,81448
485,Brandon,Hernandez,1986-06-28,5,2003-01-01,4,114159
486,Elizabeth,Henson,1982-07-08,5,1998-11-17,3,105403
487,Jeremy,Johnson,1985-12-24,2,2021-02-11,1,50610
488,Michael,Jennings,1975-09-23,1,2015-09-29,2,58952
489,Linda,Jones,1972-02-23,1,1999-01-03,2,58053
490,Katherine,Baker,1995-07-26,2,2003-08-26,3,113793
491,Jenna,Watkins,2002-05-25,3,2018-03-26,1,43521
492,Jennifer,Bowen,1986-06-08,5,1996-05-22,4,115938
493,Angela,Reynolds,1987-07-15,5,2014-12-28,4,114736
494,Christopher,Martin,1973-04-27,3,2020-06-04,2,60499
495,Gregory,Barnes,1986-08-23,3,2000-04-11,1,40029
496,Kimberly,Sanchez,1969-01-06,1,2020-08-28,1,38609
497,Sherri,Hall,1994-07-12,4,2002-05-11,1,42157
498,Elizabeth,Morton,1990-01-12,3,2014-02-20,3,82175
499,Jaime,Ramirez,1970-09-06,3,2014-07-06,1,39221
500,Amber,Flores,1969-06-10,4,2017-11-26,2,67475
501,Jessica,Peters,1974-04-15,4,2015-07-25,2,72235
502,Marvin,Nelson,1979-05-11,4,2002-07-31,1,40326
503,Melissa,Forbes,1972-10-26,1,2009-08-18,3,72034
504,John,Cook,1976-11-29,2,2009-06-28,5,171411
505,Rodney,Smith,1968-10-16,2,2002-09-02,1,49762
506,James,Mcconnell,1968-10-19,2,2013-04-29,3,102037
507,Dennis,Stevens,1964-10-02,3,1999-10-31,2,64062
508,Sonya,Short,1966-10-19,3,1998-09-17,2,58936
509,Leah,Murphy,1977-10-25,1,2010-04-05,3,68441
510,Barry,Roth,1982-09-18,1,2010-12-10,4,97741
511,Robin,Johnson,1974-01-22,4,2000-09-30,2,63913
512,Karen,Bowers,1982-09-19,4,2014-04-03,1,43938
513,Michael,Morgan,1981-09-15,2,2002-11-18,5,144923
514,Linda,Smith,1977-05-15,4,2004-01-05,2,59934
515,Mark,Bennett,2000-06-06,5,2010-01-19,3,88558
516,Todd,Brown,1974-09-16,1,2017-08-03,2,56698
517,Sheena,Hernandez,1995-05-05,2,2004-03-12,2,76277
518,Kelly,Martin,1972-03-02,3,2003-02-12,2,57958
519,Amber,Adams,2001-04-05,4,2003-01-11,3,94814
520,Johnny,Dean,1974-09-14,1,2003-12-21,5,115156
521,Craig,Rowe,1971-12-02,5,1998-02-14,2,78750
522,Gregory,Mendoza,1995-07-01,4,2021-04-15,1,44637
523,Rebecca,Davis,1984-07-25,4,2018-07-16,2,67391
524,David,Thomas,1992-04-24,4,2001-02-03,2,66974
525,Bryan,Herrera,1998-07-24,1,2013-09-24,2,55581
526,Ricardo,Harris,1992-05-23,1,2019-12-31,1,38835
527,Leslie,Harmon,1972-09-05,4,2013-07-05,2,61697
528,Michael,Carrillo,1986-12-16,2,2005-09-06,3,98437
529,Nancy,Payne,1983-07-04,1,2009-06-06,1,36608
530,Brian,Wood,1975-07-12,1,1999-06-01,1,36134
531,Mary,Hawkins,1992-05-06,5,2004-12-13,4,121865
532,Gabriel,Flores,1994-06-07,5,2010-09-03,4,129237
533,Dennis,Jones,1978-11-27,2,2013-09-05,3,99311
534,Lisa,Foster,1988-06-18,3,2004-10-29,2,60775
535,Katherine,Montoya,1996-09-06,1,2018-07-22,1,35425
536,Isabella,Watkins,1971-09-25,5,2009-07-20,5,130372
537,Patrick,Carter,1976-11-04,3,2020-01-16,1,43258
538,Joe,Flores,1970-07-19,2,1999-08-06,6,164303
539,Tanya,Sharp,1995-11-24,4,1999-11-17,6,167468
540,Chad,Williams,1998-01-01,4,1993-04-20,5,144500
541,David,Gonzalez,1972-12-26,1,2004-09-17,2,54978
542,David,Kennedy,1964-11-04,1,2005-08-29,6,136240
543,Susan,Perez,1972-09-19,5,2009-05-13,4,128646
544,Heidi,Weber,1969-03-12,4,2000-08-25,3,92143
545,Brian,Mitchell,1977-03-28,5,2006-12-11,4,117191
546,Jenna,Young,1969-08-05,3,1999-09-28,2,64646
547,Joseph,Heath,1985-08-25,1,2003-05-27,2,57536
548,Brittney,Kim,1998-09-03,5,2012-11-12,3,91781
549,Sara,Rodriguez,1976-10-02,3,2005-07-28,1,36995
550,Bradley,Lawrence,1972-05-06,2,2003-07-26,5,168730
551,Jessica,Mendez,1986-03-23,4,1992-01-25,4,109643
552,Zachary,Simpson,1980-12-06,3,2020-06-13,1,41085
553,Michael,Webb,1999-01-16,1,1998-10-02,2,53953
554,Samuel,Abbott,1990-04-08,5,2009-02-17,5,153291
555,Doris,Mcdonald,1985-06-08,2,2020-11-02,2,70883
556,Jesse,Kline,1980-12-11,1,2004-09-26,4,98759
557,Brian,Stokes,1981-03-28,4,2013-07-26,1,42151
558,Michael,Mccall,2001-08-05,4,2008-11-25,1,41966
559,Alejandro,Rowe,1979-12-24,3,2012-07-08,2,60748
560,Catherine,Powers,1987-07-06,2,1992-07-09,6,192851
561,Luis,Collins,1990-02-09,4,2019-08-21,1,45370
562,Clifford,Mann,1985-04-01,3,2009-06-02,2,63746
563,Jeffrey,Goodwin,1972-02-05,1,2014-04-23,4,83642
564,Frank,Miller,1997-01-06,1,2000-02-11,4,82733
565,Kimberly,Scott,1966-07-15,1,1993-06-03,3,76483
566,Renee,Gray,2001-09-27,4,2000-12-07,3,84522
567,Carrie,Walker,1997-09-06,3,2013-09-20,3,73595
568,Dale,Pineda,1980-10-26,1,2008-12-29,1,33847
569,Alan,Hernandez,1977-08-31,5,2022-03-19,2,74881
570,Benjamin,Charles,1985-07-09,5,2002-03-25,4,118418
571,Anna,Greene,1983-05-19,5,2005-06-16,5,150423
572,James,Stephenson,1978-11-23,2,2005-07-09,3,107497
573,Michael,Newman,1994-07-02,2,2001-10-08,2,76541
574,Melissa,Tucker,1968-04-26,1,2002-07-10,3,78139
575,William,Brown,1968-12-27,5,2000-04-11,3,102331
576,Paul,Joseph,1988-06-07,5,2014-12-06,3,104045
577,Yesenia,Williams,1976-09-16,4,2007-05-09,2,65540
578,Alyssa,Davila,1988-06-21,5,1996-04-28,3,91080
579,Amanda,Walker,1995-02-11,3,2000-10-25,4,92650
580,Jeffery,Smith,2000-07-02,1,1998-02-16,4,85174
581,Kenneth,Cervantes,1982-09-22,2,1994-09-24,3,102510
582,Angela,Nunez,1987-01-02,4,2012-06-22,2,64258
583,Brandon,Osborne,1981-07-30,5,2009-10-02,3,94940
584,John,Munoz,1973-06-13,4,1999-04-01,3,89568
585,Rebecca,West,1998-03-10,1,1994-04-13,5,106464
586,Rebecca,Maynard,1997-07-16,1,2007-01-29,3,69122
587,Ashley,Gordon,1994-05-03,4,2020-07-26,2,60545
588,Tristan,Larson,2000-01-18,1,2001-05-09,1,35022
589,Kristie,Simon,1977-08-29,1,2000-08-17,2,51317
590,Sean,Rollins,1967-07-10,4,1998-06-29,4,105130
591,Diana,Warren,1991-08-05,2,1993-07-10,3,109745
592,Casey,Frederick,1981-01-30,1,1996-05-06,5,101191
593,Christopher,Ayala,1983-08-30,4,1997-02-11,2,68605
594,Travis,Wilson,1989-12-15,4,2014-07-18,4,117934
595,Donald,Reilly,1988-02-04,4,2011-01-20,1,40851
596,Dawn,Dawson,1971-05-22,1,2011-10-24,2,50664
597,Stephen,Hughes,2000-09-03,4,2007-12-19,1,45172
598,Samantha,White,1992-03-18,3,2014-09-04,1,42830
599,Melinda,Bolton,1985-06-15,3,2014-10-09,2,62232
600,Susan,Austin,1982-04-03,1,2011-11-01,1,37032
601,Ashley,Davis,1975-08-15,3,2016-09-28,1,36787
602,Julia,Walker,1982-01-06,1,2018-12-31,1,37913
603,Sharon,Williams,2001-08-29,1,1998-06-20,2,57567
604,Samuel,Cline,2001-07-24,3,2021-06-26,1,36315
605,Lisa,Larson,1985-11-02,1,2001-10-25,1,37267
606,Gabriel,Newman,1982-08-23,3,2009-10-20,1,42140
607,Matthew,May,1971-11-22,3,2009-03-04,2,58146
608,Andrea,Garrett,1999-10-17,2,2005-02-18,5,142617
609,Laura,Burton,1979-09-26,1,2007-07-16,2,53168
610,Cynthia,Marshall,2002-05-28,2,2000-06-05,1,54919
611,Robert,Sanchez,1966-07-15,3,2017-02-22,3,73269
612,Brandon,Allen,1991-01-31,1,1992-08-19,4,84317
613,Mary,Huynh,1999-05-29,5,2010-10-20,4,123033
614,Jamie,King,1995-01-29,2,1996-01-15,5,156996
615,Ryan,Velazquez,1964-08-21,2,2004-04-11,3,105119
616,David,Roberts,1985-08-18,1,2010-02-02,2,57332
617,Ronald,Davis,1992-06-26,2,2004-10-26,4,130869
618,Robert,James,1981-10-20,1,2000-12-05,3,76206
619,Julie,Robinson,1965-04-14,1,2008-04-27,1,33987
620,Lisa,Jones,1978-01-31,3,2012-11-01,1,41852
621,Cynthia,Mendoza,2001-09-23,3,2016-07-12,2,55959
622,Joseph,Moore,1982-05-06,1,2011-02-20,2,48860
623,Mark,Barnett,1975-03-25,5,1993-11-01,5,156441
624,Julie,Cortez,2001-07-06,2,1996-07-26,6,165571
625,Mark,Morgan,1992-12-27,2,2012-04-29,4,119611
626,David,Fleming,1990-04-05,2,1999-01-04,2,85057
627,Elizabeth,Hernandez,1977-01-18,4,2017-08-27,1,42649
628,Kelly,Pineda,1968-05-17,1,2008-03-31,3,68580
629,Tara,Evans,1991-02-13,4,2011-05-02,3,88616
630,Jeffery,Sanders,1981-02-27,3,2001-10-07,1,41040
631,Joshua,Woods,1984-09-20,3,2006-09-01,1,37726
632,Grant,Ferguson,1978-02-10,2,1998-03-02,5,163880
633,Michael,Bennett,1964-05-24,1,2016-06-03,2,59339
634,Danielle,Carter,1992-01-15,2,2009-05-13,3,99788
635,Cynthia,Wright,1967-08-05,3,2020-11-28,1,37757
636,Alan,Flores,1980-02-02,3,1992-07-24,4,104091
637,Emily,Villanueva,1971-01-02,4,2009-09-11,2,64572
638,Teresa,Hendricks,1965-12-14,3,2015-11-10,1,39330
639,Dalton,Ochoa,1998-11-28,3,2021-07-07,1,41084
640,Diana,Henderson,1992-10-24,5,2004-05-27,3,97062
641,Matthew,Scott,1967-11-09,3,2001-06-27,3,73914
642,Timothy,Bond,1989-08-14,2,1992-09-12,4,122545
643,Patrick,Rogers,1985-12-16,5,2001-01-04,3,93628
644,Maria,Goodman,1987-10-05,1,1992-09-04,3,75784
645,Beth,Russell,1989-09-02,1,2007-12-22,2,58132
646,Stephanie,Perez,1971-04-16,5,2002-10-27,2,73897
647,Steven,Hines,1984-02-28,5,2016-06-24,3,102985
648,Erik,Taylor,1973-09-21,3,2003-08-08,3,73019
649,Anna,Li,1973-06-19,2,1992-08-09,3,110610
650,Meghan,Smith,1977-09-01,4,2012-07-14,2,61036
651,David,Davis,1965-02-26,2,2003-12-10,3,110533
652,Edward,Obrien,1963-11-26,2,1991-10-20,4,136701
653,Michael,Rodriguez,1965-05-21,2,2013-06-18,4,130507
654,Karen,Jones,1970-04-09,3,2009-11-25,3,85780
655,Claudia,Coleman,1970-10-24,5,2003-08-08,3,96311
656,Alexandra,Medina,1978-03-09,2,2006-01-07,4,120536
657,Patrick,Ward,1973-12-13,2,2009-01-31,4,126775
658,Melissa,Jones,1967-08-24,2,2003-01-22,3,102222
659,Danielle,Rhodes,1980-09-24,3,1991-07-29,4,96335
660,Michelle,Miranda,1973-02-13,3,2003-10-31,1,40319
661,Melissa,Nelson,1992-07-09,4,2021-08-23,1,44247
662,Donna,Anderson,1991-10-16,1,2018-06-11,1,36013
663,Austin,Cole,1969-01-19,2,2013-03-23,3,97254
664,Bruce,Vaughan,1988-11-11,5,2010-12-26,3,96213
665,Zachary,Hall,1983-05-28,1,2013-06-24,1,35175
666,Regina,Cisneros,1983-01-13,4,2013-03-01,1,43426
667,Andrea,Moore,1975-04-09,1,1991-11-02,4,91197
668,Julie,Harmon,2002-02-05,1,2006-02-23,1,33221
669,Dawn,Williams,1998-07-22,2,2012-03-20,3,97909
670,Sabrina,Hughes,1989-06-16,4,2003-11-30,5,125240
671,Sara,Larson,1970-06-05,3,2000-12-01,4,103582
672,Maria,Bridges,1989-09-12,5,1994-11-07,4,118740
673,Donald,Bell,1994-05-30,4,2018-08-27,2,62231
674,Gabriela,Reyes,1989-09-10,2,2022-12-29,1,46996
675,Lori,Brown,1979-11-01,5,2006-04-28,4,124503
676,Mike,Brock,1985-06-13,4,2013-01-04,2,70853
677,Catherine,Torres,1996-07-27,3,1996-02-15,2,64098
678,Tracy,Miller,1994-11-24,3,2010-01-02,1,41197
679,Vanessa,Rivera,2002-04-29,1,2002-12-13,2,58693
680,Wanda,Zamora,1974-07-08,2,1996-07-17,5,166435
681,Joshua,Mcdonald,1967-03-22,4,2003-05-16,3,93051
682,Eric,Olson,1964-02-13,3,2005-09-04,1,40994
683,Phillip,Williams,1989-03-19,5,1985-10-11,6,177158
684,Deborah,Ryan,1967-04-10,1,2002-11-25,1,34590
685,Robert,Norman,1978-03-26,4,2017-10-11,2,60929
686,Susan,Johnson,1997-05-19,4,2004-01-20,3,80231
687,Sarah,Gordon,2001-06-23,1,2009-07-01,2,56538
688,Jacob,Perez,1981-08-26,4,2019-01-11,2,61189
689,Richard,Cardenas,1982-09-07,3,1995-07-21,6,129619
690,Gregory,Doyle,1999-07-13,4,2009-06-14,3,86822
691,April,Brown,1973-10-02,2,2002-02-06,5,158297
692,Jonathan,Ritter,1980-08-17,3,2020-04-05,1,40180
693,Alexander,Richardson,1985-09-23,3,1991-05-10,4,103572
694,Sean,Coffey,1979-09-22,4,2006-10-14,3,90059
695,Stacy,Perez,1995-04-12,1,2005-07-29,1,36011
696,Ryan,Woods,1992-05-30,2,1997-09-12,3,101955
697,Timothy,Gonzalez,1995-04-06,1,2018-07-18,1,33256
698,Jeff,Douglas,1984-09-12,3,2011-05-02,6,137574
699,Daniel,Parker,1968-06-12,1,2019-10-25,2,52904
700,Oscar,Murphy,1972-06-30,5,2001-12-09,5,144415
701,Joanne,Williams,1998-11-08,5,2008-05-29,2,73188
702,Michelle,Hester,1970-09-05,2,2013-11-01,3,94206
703,Heather,Reeves,1995-05-27,4,2003-05-29,3,96139
704,Michael,Phillips,1993-08-12,4,2016-01-21,2,66879
705,Richard,Lee,1972-12-21,2,2007-03-24,1,51225
706,Brian,Butler,1980-11-25,4,2009-07-05,2,66477
707,Julie,White,1966-10-21,4,2013-04-27,3,96227
708,Diane,Smith,1988-12-18,2,1998-09-12,6,198942
709,Donna,Adams,1996-10-28,2,2008-03-17,3,111098
710,Kelli,Davis,1977-11-18,4,2007-07-09,3,93629
711,Joshua,Hall,1974-05-15,3,1996-08-15,4,106239
712,John,Oconnor,1994-10-02,5,1996-03-02,4,110578
713,Norma,Munoz,1979-11-28,2,1988-05-22,6,172011
714,Kimberly,Barnes,1979-03-01,3,2003-02-06,1,37127
715,John,Juarez,1970-05-04,4,1998-03-27,2,62223
716,Valerie,Rodriguez,1998-02-01,1,2008-11-21,4,92857
717,Catherine,Maldonado,1983-05-05,4,2017-08-29,2,65241
718,Zachary,Gibbs,1977-12-21,2,1996-10-25,3,114052
719,Stephen,Gonzalez,1975-09-02,3,2003-12-09,2,56665
720,Dominic,Booth,1981-10-21,1,2013-09-20,3,76990
721,Teresa,Carter,1988-05-08,4,2006-11-24,1,45253
722,Colton,Evans,1976-06-23,5,2019-02-17,2,67529
723,Amanda,Williams,1973-11-30,4,1990-03-23,5,129398
724,Scott,Carlson,1982-12-20,1,2008-06-02,4,87655
725,Kristina,Dennis,1973-02-11,2,2005-12-21,3,112301
726,Gina,Johnson,1971-08-24,3,2011-07-05,3,77399
727,David,Wade,1967-10-11,1,1998-05-01,3,75494
728,Samantha,Adkins,1971-07-13,3,2016-09-14,1,37475
729,Leah,Boyle,1968-11-10,5,2004-03-23,3,101584
730,Angela,Hawkins,1975-06-18,5,2012-02-19,3,95467
731,Julie,Anderson,1989-08-22,2,2008-02-12,1,54848
732,Tiffany,Collins,1964-05-24,4,2019-09-05,2,60731
733,Allison,Smith,1981-06-08,4,2015-06-20,1,43030
734,Chad,Mcpherson,1972-09-05,1,1999-05-27,4,81782
735,Christopher,Young,1997-02-19,4,2021-01-17,2,62797
736,Crystal,Bates,1989-04-24,2,2019-02-12,1,52912
737,Robert,Harrison,1971-09-04,5,2015-07-02,3,88788
738,Shane,Henderson,1987-09-26,4,2000-11-01,1,44249
739,Andrew,Lewis,1981-05-24,3,2021-01-11,1,41394
740,Marcus,Baldwin,1990-08-04,1,2006-03-20,1,38544
741,Randy,Brooks,1978-04-02,1,1999-10-27,1,33939
742,Maria,Oliver,1983-11-14,3,1992-01-25,5,108741
743,Christina,Hart,1988-12-13,1,2004-04-09,3,74479
744,Robert,Brown,1997-04-21,1,2016-02-14,2,54708
745,Patricia,Norris,1965-08-18,3,1997-08-19,3,74281
746,Samantha,Roberson,1986-02-18,4,2016-05-21,2,70129
747,Lisa,Sanford,1981-10-29,5,2020-12-08,1,45357
748,Joshua,Mullins,1974-06-02,5,1994-06-14,3,102912
749,Matthew,Mcbride,1999-09-16,4,2010-10-27,1,40144
750,Veronica,Hickman,1963-10-09,4,1994-11-28,5,133138
751,Robert,Young,1965-01-04,1,2005-09-15,1,35508
752,Joseph,Mooney,1992-10-28,3,2014-03-17,3,72056
753,Greg,Rogers,1983-06-22,3,2008-12-25,1,43921
754,Robert,Franco,1986-09-13,3,2006-03-30,3,85096
755,George,Campbell,1991-06-07,2,2015-07-31,3,109432
756,Patrick,Romero,1999-02-09,5,2001-12-05,3,102569
757,Daniel,Morris,1963-11-26,1,2005-02-28,2,52913
758,Michael,Gonzales,1966-07-10,1,2005-03-09,2,55971
759,Connie,Banks,1997-07-22,1,2009-09-12,2,51199
760,Sean,Hartman,1982-12-23,3,2020-10-16,1,39368
761,Catherine,Obrien,1969-01-27,3,2019-07-11,2,57255
762,Erin,Hopkins,1981-04-10,5,2015-11-14,3,90615
763,Derek,Cox,1984-08-24,3,2002-08-23,5,130182
764,Danielle,Moore,1993-08-20,1,2004-10-29,2,55310
765,Tamara,Atkins,1991-11-30,5,2006-01-11,3,98738
766,Kellie,Hale,1965-01-04,2,2000-04-09,3,108977
767,Steven,Davis,1998-03-30,2,1996-08-24,5,158618
768,Peter,Pennington,1980-06-18,1,2017-03-04,3,77793
769,Blake,Freeman,1980-01-16,4,2015-12-01,2,68768
770,Nancy,Jimenez,1988-02-19,3,2023-06-08,1,40212
771,Danielle,Santana,1983-04-18,3,1990-08-20,4,107099
772,Kathleen,Greer,1976-12-08,5,2001-08-15,1,43229
773,Sheila,Sanchez,1968-06-25,2,2004-05-21,1,51835
774,Margaret,Anderson,1986-04-07,5,2010-09-20,3,92908
775,Lisa,Morris,1976-02-09,5,2016-07-07,3,87485
776,Jennifer,Anderson,1998-07-08,2,1999-05-08,6,199203
777,Stuart,Armstrong,1974-02-11,5,2015-04-02,3,89349
778,Sean,Brown,1970-06-06,1,1999-05-13,2,56812
779,Joseph,Robinson,1981-06-27,4,1990-03-16,4,110833
780,Nicholas,Cooper,1994-01-05,5,2006-12-12,3,95359
781,Cesar,King,1998-10-27,4,2023-06-03,1,47691
782,Jerry,Bell,1994-06-15,3,2013-02-13,2,59389
783,Erica,Hogan,1977-01-26,3,2009-03-02,1,37587
784,Debra,Moore,1993-02-14,4,1990-10-24,5,127365
785,Kristin,Roberson,1969-05-23,3,2001-09-27,2,60684
786,Vincent,Williams,1963-10-30,5,2007-02-03,4,110650
787,Todd,Romero,1977-07-01,2,2020-12-09,2,77125
788,Sonya,Johnson,1971-12-14,2,2004-12-17,1,48688
789,Nancy,Burton,1991-11-05,1,2018-12-27,2,55252
790,John,Mays,1992-01-25,1,2000-01-14,4,85982
791,Michael,Malone,1994-01-08,4,2023-03-07,1,45322
792,Kelly,Palmer,1963-08-19,4,2022-04-30,2,68573
793,Gary,Clay,1972-12-19,5,2005-03-25,5,149368
794,Heidi,Wilson,1966-06-02,4,2014-10-14,1,44944
795,Michelle,Campbell,1993-08-29,2,2001-12-26,3,96483
796,Adam,Mendoza,1986-10-01,5,2006-08-30,3,90535
797,Alexander,Mejia,1965-12-18,3,2000-08-11,1,36484
798,Jennifer,Alexander,1968-08-19,3,2007-08-02,1,36450
799,Laurie,Wright,1998-06-12,4,1986-09-15,6,154302
800,Amber,Floyd,1995-11-24,4,2020-06-15,2,64810
801,Kristin,Farmer,1999-08-11,2,2001-10-04,6,196932
802,Katrina,Long,1976-12-17,4,2012-06-09,2,70917
803,Thomas,Foster,1969-12-12,4,2007-07-10,1,41863
804,Christopher,Martinez,2000-03-01,5,2007-12-01,3,103250
805,Robert,Owens,1965-07-28,3,2017-11-12,1,38570
806,Aimee,Coleman,1981-08-28,4,2007-06-12,3,79725
807,Christopher,Pugh,1977-01-24,1,1993-09-03,6,122744
808,Nicholas,Smith,1973-05-15,4,2001-04-23,5,132889
809,Billy,George,1993-09-05,3,2003-11-21,2,64610
810,Gabrielle,Bennett,1984-05-21,2,2009-07-23,2,85282
811,Richard,Long,1967-11-18,4,2004-11-17,2,62149
812,Judith,Townsend,1974-04-23,1,2008-02-23,1,36461
813,Christopher,Lopez,1974-01-05,5,2005-12-29,3,101499
814,James,Lara,1996-06-27,2,1992-01-02,5,147767
815,Kathleen,Pierce,1978-11-29,1,2013-01-12,1,33069
816,Kelsey,Figueroa,1968-08-21,3,2003-07-11,2,64610
817,David,Anderson,1977-12-07,4,2015-01-21,1,48376
818,Kyle,Warren,1989-01-02,4,2014-07-14,1,41845
819,Carol,Ingram,1981-02-20,1,2016-09-12,2,57377
820,Kayla,Wade,1991-06-03,5,2010-03-12,5,141731
821,Samuel,Hunt,1991-05-22,1,2004-05-26,1,39511
822,Kathy,Jackson,1998-06-04,1,2024-03-03,1,33384
823,Gary,Jimenez,2002-07-18,4,2012-03-18,3,89695
824,Jacob,Black,1987-11-07,1,1999-04-11,1,32740
825,Jose,Parker,1993-07-21,3,2000-04-08,1,36170
826,Bruce,Neal,1993-10-28,1,2000-07-25,2,55695
827,Russell,Weber,1989-04-13,1,2015-12-06,1,36915
828,Ashley,Miller,1964-09-28,5,2005-04-28,3,93801
829,Dana,Arnold,1977-08-22,1,2006-12-15,1,36101
830,Matthew,Bell,1983-04-30,3,1999-04-17,3,86572
831,Heather,Lee,1979-05-10,3,2011-06-23,1,42792
832,Jacob,Burton,1982-10-01,2,1998-09-22,6,181503
833,Jonathon,Norton,1978-09-28,2,2010-04-22,5,147745
834,Vernon,Johnson,1996-01-25,5,2019-07-16,2,70541
835,Jennifer,Villegas,1992-04-29,3,2004-09-30,6,135913
836,Kimberly,Pierce,1964-02-23,2,2014-03-03,4,133547
837,Allen,Morris,1967-06-03,1,2000-04-15,3,75454
838,Melanie,Page,1978-05-04,4,1998-09-23,2,61723
839,Benjamin,Mays,1983-06-30,4,2002-01-22,1,45925
840,Ryan,Lucas,1977-04-16,3,2005-01-06,3,81096
841,Jill,Whitehead,1969-06-28,4,2015-07-23,3,87802
842,Samuel,Simmons,1963-12-17,2,1999-11-02,5,142654
843,Karen,Chandler,1978-03-12,3,2001-07-24,3,72044
844,Holly,Ray,1981-01-19,4,2014-05-31,1,47797
845,Erica,Singh,1987-11-14,4,2001-11-26,2,72096
846,Kathy,Francis,1991-02-24,2,2007-10-08,4,131539
847,Brad,Hall,1988-06-14,4,2003-11-17,4,116794
848,Megan,Griffin,1997-05-09,2,1997-12-22,2,73177
849,Tammy,Jordan,1991-07-11,5,2014-09-08,4,125946
850,Keith,Brown,1978-09-06,3,2015-07-25,2,58278
851,Daniel,Leonard,1979-10-31,2,2007-02-20,4,123675
852,Andrew,Logan,2000-03-04,2,1994-09-15,4,134096
853,Joseph,Sanders,1991-05-02,2,2009-01-10,5,150007
854,Kathy,Price,1982-08-02,4,2016-10-12,1,44781
855,Keith,Romero,1975-09-25,3,1990-07-12,6,141670
856,Charles,Vang,1998-10-10,4,2017-11-19,2,59419
857,Victor,Freeman,1992-10-11,4,2003-11-09,2,72154
858,Jason,Green,1969-12-15,4,1998-11-03,2,62187
859,Amanda,Lee,1986-05-14,4,2005-09-19,3,95376
860,Ethan,Shaffer,2000-02-26,2,2005-03-05,4,137934
861,Amy,Foster,1983-01-28,2,2022-01-30,1,51792
862,Alyssa,Davis,1973-05-13,4,2006-08-01,3,90341
863,David,Gilbert,1977-04-02,2,2020-06-16,1,52969
864,Sean,Nunez,1964-10-15,5,2016-09-03,3,101947
865,Lindsey,Mason,1991-04-30,1,2014-09-02,4,89272
866,Laurie,Ramirez,1985-05-23,4,2000-03-07,2,66922
867,James,Smith,1975-08-30,1,2006-07-03,3,70684
868,Jesse,Fuentes,1998-12-08,2,2015-03-18,1,47056
869,Elizabeth,Myers,1981-12-01,1,2012-08-12,1,35536
870,Garrett,Stewart,1975-07-01,2,2020-11-20,2,77570
871,Denise,Lopez,1990-10-04,3,2007-11-27,3,73695
872,Jose,Kelley,1992-06-25,1,1999-11-11,2,59139
873,Rita,Cole,1980-04-29,2,1993-05-11,4,129208
874,Amanda,Sellers,1988-06-28,2,1999-05-05,5,141688
875,Evan,Bailey,1999-10-26,5,2006-11-14,5,137297
876,Crystal,Finley,1994-11-03,3,2013-08-19,1,41359
877,Scott,Jennings,1977-06-12,5,2001-01-25,3,95578
878,Thomas,Chan,1972-10-02,1,1996-07-04,4,92979
879,Suzanne,Davis,1973-12-10,5,2019-09-24,2,68592
880,Tyler,Sharp,1985-08-16,3,1999-05-27,1,39682
881,Brianna,Flores,1988-07-25,3,2001-09-06,1,36862
882,Andrea,Pearson,1978-02-22,4,2022-04-28,2,69951
883,Shannon,Zavala,2001-06-14,4,2006-02-25,3,92507
884,Kyle,Moon,1970-07-16,1,2014-09-26,1,33630
885,George,Butler,1989-02-15,5,1997-06-08,3,92517
886,Heidi,Wilson,1981-10-31,5,2012-09-05,4,113490
887,Melissa,Castaneda,1986-11-16,4,2016-01-23,3,95155
888,Jeffrey,Smith,1974-06-03,5,2015-09-01,2,71486
889,Vincent,Chavez,1980-08-15,4,1999-08-17,3,79427
890,Patricia,Blankenship,1994-11-23,4,2020-04-23,2,69799
891,Cheryl,Charles,1985-11-05,3,2015-08-23,2,59287
892,Jeffrey,Obrien,1983-11-30,4,1996-12-10,6,156772
893,Joseph,Jones,1967-01-20,2,1994-04-12,3,94289
894,Corey,Dunlap,1982-06-12,3,2002-11-25,4,107780
895,Amy,Forbes,1988-06-03,3,1997-12-02,2,55710
896,Peter,Hamilton,1993-08-09,1,2002-03-09,3,70347
897,Michael,Campbell,1976-10-25,1,2012-02-14,1,37193
898,James,Martinez,1982-01-01,1,1994-09-13,6,134065
899,Duane,Riddle,1968-06-16,2,2008-08-10,5,152466
900,Kyle,Wright,1965-11-14,3,2012-11-01,3,77546
901,Cameron,Lawson,1984-04-20,1,2009-04-16,1,35580
902,Jeffrey,Martinez,1986-08-06,3,2023-06-16,1,37393
903,Brendan,Coleman,1970-02-10,1,2013-08-22,1,38152
904,Ronald,Barajas,1994-05-22,2,1994-02-21,4,142907
905,John,Carter,1969-02-12,1,2015-02-12,1,34830
906,Eric,Morales,1973-02-16,4,1999-09-23,1,43040
907,Joanna,Mclaughlin,1979-01-06,2,1990-03-22,5,163110
908,James,Gomez,1983-09-12,5,2014-08-31,1,47136
909,Christina,Gregory,1997-05-19,4,2004-04-01,4,120717
910,Samantha,Fisher,1995-08-16,5,2007-08-01,1,50532
911,Bobby,Atkins,1988-11-16,2,2005-03-23,5,154740
912,Stephanie,Davis,1989-02-02,4,1987-07-13,6,138683
913,Gregory,Mendez,1994-03-12,2,2009-02-02,2,79334
914,Tony,Hardy,1963-08-13,3,2016-07-01,2,59813
915,Alexander,Hunt,1981-05-08,5,2015-01-14,3,98753
916,Christopher,Villa,1984-02-23,1,2004-09-07,1,32535
917,William,Harrison,1975-12-17,5,2022-12-02,1,45851
918,Craig,Fisher,1997-08-21,1,1995-12-03,3,76170
919,Allison,Park,1968-04-01,3,2006-02-25,2,57548
920,Deborah,Hogan,1967-12-23,3,2010-10-14,1,36332
921,Jackie,Fuentes,1977-01-20,5,2016-03-08,2,68618
922,Carly,Gonzales,2000-03-03,4,2012-04-14,4,120216
923,Vincent,Ayala,1993-09-04,3,1993-07-15,3,81668
924,Katherine,Calderon,1978-11-08,3,2018-12-24,3,84930
925,Adam,Henry,1995-09-22,1,1991-08-15,5,105266
926,Kristi,Taylor,1976-09-06,5,1998-09-03,5,135539
927,Elizabeth,Brooks,1989-12-14,1,1997-03-27,2,56948
928,Benjamin,Figueroa,1980-01-22,2,2005-07-23,3,98425
929,Christopher,York,2001-01-21,3,2014-03-08,1,43175
930,Kyle,Brown,1986-05-19,1,2009-02-15,2,49283
931,Anthony,Nielsen,1976-06-18,2,1999-07-17,5,161449
932,Monica,Nichols,1971-11-14,5,2003-08-06,3,86978
933,Edward,Merritt,1976-11-30,3,2018-12-26,1,43305
934,Robert,Glover,1977-03-21,2,1999-09-05,2,84830
935,William,Thomas,1964-12-31,2,2007-01-21,4,130776
936,Michael,Woods,1982-05-10,3,2004-03-24,2,58192
937,William,Wagner,1977-05-30,3,2011-05-26,2,57112
938,Amanda,Sexton,1982-01-20,3,2005-06-18,3,82717
939,Latoya,Taylor,2000-05-30,5,2000-07-26,1,45193
940,Samuel,Lopez,1966-10-06,4,1997-06-10,4,109189
941,Priscilla,Snow,1992-11-19,3,1990-03-26,6,143522
942,Joanna,Scott,1994-11-16,4,2014-02-12,2,69226
943,Amanda,Franco,1999-11-14,3,2000-05-08,2,55479
944,Heather,Robinson,1999-11-01,2,1992-06-28,4,136063
945,Sandy,Garcia,1978-06-20,1,2009-07-17,2,58214
946,Kenneth,Stewart,1979-11-14,3,2011-12-21,3,81350
947,Gary,Hoffman,1998-12-07,5,2008-06-16,3,98951
948,Rachael,Baker,2001-07-05,1,1995-02-14,3,75965
949,Gary,Wong,1973-08-11,1,2010-02-19,3,70888
950,Jonathan,Wong,1967-06-16,4,2018-10-26,2,70749
951,William,Allen,1973-12-25,4,2013-06-13,3,79305
952,Miguel,Murphy,1978-06-28,4,2000-11-13,2,72216
953,Susan,Mejia,1976-10-10,1,1998-04-14,2,48676
954,Bianca,Garcia,1975-02-01,4,2021-11-22,1,44128
955,William,Morales,2002-04-12,4,2019-06-13,2,60918
956,Roger,Fitzgerald,1986-07-29,4,2007-03-15,6,169101
957,Lauren,Wallace,2002-04-17,4,2010-09-17,1,45025
958,Jillian,Estes,1978-11-24,1,2002-05-27,6,113423
959,Willie,Brown,1976-01-14,1,2002-09-24,3,66385
960,Michael,Leon,1981-06-25,1,2004-02-06,4,91965
961,Steven,Rodriguez,1973-02-17,2,2005-07-20,5,144713
962,Roger,Gonzalez,1978-07-13,1,2006-12-04,1,36809
963,Maria,Martin,1970-03-20,2,2008-03-24,3,104690
964,Rodney,Herrera,1984-12-28,4,2012-10-25,2,63794
965,Raymond,Baker,1965-12-06,2,2001-06-03,6,176867
966,Jasmine,Hudson,1994-05-07,4,2013-10-08,2,69904
967,Katelyn,Cain,1975-09-14,5,1996-05-26,6,169098
968,David,Ashley,2002-05-29,1,2010-01-20,1,35859
969,Henry,Drake,1976-05-17,4,2001-02-12,3,83960
970,Anthony,Ramos,2002-07-01,5,2017-10-01,2,77610
971,Erica,Jackson,1967-08-03,4,2015-11-12,2,64162
972,Rhonda,Harrison,2000-10-13,1,2012-09-09,1,37666
973,Greg,Gregory,1986-05-09,2,2017-11-13,3,113675
974,Tina,Reynolds,1984-07-19,2,2015-10-27,1,47793
975,Jamie,Mitchell,1964-07-09,4,2019-05-04,1,40724
976,Monica,Stewart,1983-08-29,2,2004-10-13,3,101142
977,Joseph,Gonzalez,1971-10-30,2,2016-11-03,4,120664
978,Steven,Cooper,2000-08-07,3,2011-11-05,3,78262
979,Lisa,Pope,1963-12-21,3,2012-12-14,2,58298
980,James,Thomas,1970-06-14,3,1997-03-22,6,146278
981,Darren,Gonzales,1966-12-08,4,2002-12-30,1,46502
982,Lisa,Moore,2001-07-16,1,2012-10-16,1,36647
983,Roy,Gomez,1993-09-21,5,1990-06-21,4,125040
984,Jon,Martin,1963-10-14,3,2012-04-05,2,60708
985,George,Jones,1966-11-20,5,1993-04-15,3,91749
986,Robert,Stephens,1987-08-18,5,1998-09-14,6,177216
987,Jennifer,Harris,1977-01-12,2,2010-07-14,4,130647
988,Philip,Scott,1977-12-19,3,1998-09-22,2,58217
989,Elizabeth,Small,1971-03-22,4,2015-10-16,3,82436
990,Christopher,Horton,1991-02-01,5,1997-05-04,4,127541
991,Grace,Cook,1993-06-25,5,2006-07-30,4,110162
992,Dennis,Jordan,1991-06-18,4,2011-01-29,2,71143
993,Peter,Flores,1969-04-29,5,2000-10-21,4,112807
994,Walter,Love,1967-07-19,3,2010-11-12,4,109180
995,Molly,Holland,2001-04-15,3,2010-10-25,1,37904
996,Nicole,Mack,2001-06-02,2,2010-08-06,3,112362
997,David,Edwards,1965-03-03,1,2016-11-24,3,73440
998,Todd,Hansen,1994-12-21,1,2020-05-12,2,52267
999,Scott,Harper,1998-07-22,5,2006-07-25,3,93520
1000,Emily,Watson,1965-01-21,1,2009-10-05,2,53094
1001,Daniel,Murphy,1992-09-06,2,1989-06-30,6,198538
1002,Travis,Bates,1969-08-17,4,1998-04-22,3,87017
1003,Tracy,Flowers,1992-10-29,2,1998-09-23,6,183699
1004,Theresa,Reid,1966-12-12,2,1988-07-19,5,154139
1005,Elizabeth,Bell,1977-12-21,3,1997-02-02,4,107581
1006,Michelle,Jones,1994-06-04,1,2003-01-16,5,111295
1007,Jamie,Huang,1991-01-10,5,2000-02-19,2,67995
1008,Nicole,Whitehead,1968-09-04,5,2000-07-10,4,131192
1009,Ryan,Bell,1997-08-16,4,2014-12-29,2,67048
1010,Jessica,Gutierrez,1974-08-10,1,1999-10-24,6,119373
1011,Sean,Olson,1981-01-13,1,2019-09-25,2,53014
1012,Tony,Washington,1966-08-07,4,2007-06-01,1,40042
1013,Austin,Stephens,1983-09-28,3,1995-09-27,3,83023
1014,Jeremy,Butler,1988-12-13,1,1996-05-08,3,68194
1015,Chase,Black,1983-12-25,5,2010-03-23,3,92232
1016,Christine,Mills,1990-07-10,3,2017-12-22,2,65430
1017,Michael,Pierce,1989-09-27,2,1999-11-24,2,79206
1018,Anthony,Cruz,1966-12-22,5,2000-08-21,3,93945
1019,Gina,Adams,1974-08-13,3,2022-10-19,1,38691
1020,Jamie,Ball,1967-03-08,2,2003-08-17,5,142224
1021,Samuel,Brown,1989-02-22,2,2017-04-29,2,79852
1022,Kyle,Lang,1987-06-10,1,2007-04-06,4,86087
1023,Alec,Garcia,1972-04-24,5,2001-05-18,3,100528
1024,James,Franklin,1974-10-27,3,2003-10-18,1,36462
1025,Kevin,Trujillo,1999-08-17,3,2020-08-04,2,54758
1026,Lindsay,Williams,1967-06-12,2,2003-12-30,3,109369
1027,Johnny,Jordan,1992-10-16,3,2006-05-10,6,130664
1028,Cheryl,Holt,1965-04-29,4,1997-12-16,2,63891
1029,Theresa,Schmidt,1972-12-22,3,2002-10-09,2,57151
1030,Tyler,Austin,1979-02-16,5,2020-01-07,2,67170
1031,George,Rangel,1988-09-02,2,1990-04-21,5,160015
1032,Donna,Vasquez,1998-03-05,2,1998-03-20,2,81906
1033,Douglas,Rice,2002-02-16,1,2013-07-26,1,34025
1034,Jennifer,Gordon,1984-02-08,5,2016-03-08,3,92848
1035,Peter,Weeks,1975-06-12,5,2010-10-05,2,78850
1036,Michael,Short,1991-03-27,3,2011-09-20,3,83268
1037,Tina,Webster,1985-06-03,3,2015-03-02,4,93405
1038,Trevor,Ruiz,1965-08-06,5,2003-11-13,2,72571
1039,Pamela,Brown,1978-02-28,1,2013-11-15,3,67229
1040,Megan,Martinez,1991-01-15,2,2003-09-19,6,184708
1041,Tammy,Sherman,1992-11-18,4,2000-04-24,2,67290
1042,Matthew,Gregory,1967-03-05,2,2014-06-15,3,102557
1043,Maureen,Frank,2000-07-18,2,1996-06-24,5,157709
1044,Corey,Howard,2001-10-08,5,1995-01-23,3,93301
1045,Timothy,Gardner,1999-10-22,1,2009-03-12,1,38341
1046,Kimberly,Evans,1971-09-21,2,1996-06-18,5,160134
1047,Shannon,Sexton,1989-04-09,2,2006-10-30,4,141338
1048,Debra,Cervantes,1969-03-09,4,2000-07-07,1,40571
1049,Elizabeth,Bass,1982-04-07,5,2005-01-27,5,148456
1050,Michael,Reynolds,1978-11-04,2,2010-06-16,2,84240
1051,Steven,Jenkins,1997-10-13,2,1993-10-07,4,133417
1052,Alan,Allen,1998-09-23,2,2002-05-26,1,53505
1053,Karen,Hurst,1970-09-22,2,1998-02-17,5,142345
1054,Beth,Wright,1997-04-11,4,2006-03-29,2,69501
1055,Daniel,Ford,1996-10-23,3,1998-01-29,2,55447
1056,Shelly,Smith,1994-07-15,5,2009-05-30,1,46450
1057,Pamela,Curry,1995-11-06,5,2012-11-06,2,71988
1058,Darrell,Duran,1978-07-05,2,1998-02-16,4,119444
1059,Miguel,Peterson,1983-06-11,4,2015-04-24,2,71459
1060,James,Gutierrez,2002-04-26,1,2001-11-27,3,68848
1061,Richard,Strickland,1998-09-03,5,1997-07-04,4,125392
1062,Melinda,Brown,1966-08-27,1,2006-06-14,1,34376
1063,Amber,Everett,1987-12-17,5,2001-12-02,6,162870
1064,William,Ramirez,1965-11-02,5,2014-11-16,3,91427
1065,Derek,Johnson,1968-08-04,3,1999-06-02,2,55906
1066,Lisa,Curry,1978-11-15,4,2021-03-09,1,42491
1067,Elizabeth,Baker,1974-02-26,4,2006-09-19,1,45565
1068,Rebecca,Wolfe,1965-10-30,3,1996-11-07,2,57223
1069,Kelly,Velasquez,1997-07-29,1,2015-01-09,1,33032
1070,Jacqueline,Aguirre,1971-09-18,2,2009-01-09,5,153376
1071,Tammy,Reid,1999-04-23,5,2005-12-28,4,125073
1072,Dennis,Henderson,1997-04-24,2,2001-12-01,4,130267
1073,Janet,Price,1969-07-10,4,2009-02-20,4,118741
1074,Darrell,Pittman,1991-05-15,4,2016-08-03,2,72477
1075,James,Powell,2001-01-24,5,2008-01-19,2,75500
1076,Theresa,Lopez,1970-08-04,3,2003-05-10,5,117715
1077,Michelle,Vasquez,1987-05-11,1,1999-07-15,4,82968
1078,William,Bryant,1999-05-09,3,2021-12-02,1,42446
1079,Tina,Bailey,1964-06-05,2,2012-06-04,3,109927
1080,Kristine,Owens,1976-02-06,5,2022-01-02,1,45418
1081,Timothy,Gonzales,2001-01-11,4,2004-05-18,1,47454
1082,Ann,Wood,1964-05-30,2,2009-02-09,3,95693
1083,Angel,Rodriguez,2001-01-13,3,2009-03-13,2,60876
1084,Timothy,Maynard,1968-03-27,3,2007-12-17,5,111019
1085,Charles,Patel,1997-06-08,4,1998-11-10,2,64865
1086,Diane,Walters,1999-09-06,1,1991-01-15,6,123524
1087,Gina,Wilson,1969-08-21,2,1994-04-26,4,124468
1088,Christina,Olsen,1986-06-10,1,2015-01-17,2,55944
1089,Anthony,Smith,1988-10-27,3,2002-07-16,2,58620
1090,Alison,Green,1987-08-22,2,2013-01-08,4,142868
1091,Jack,Chavez,1974-12-27,3,2007-11-12,1,36816
1092,Douglas,Carroll,1981-10-10,4,2004-12-25,1,41403
1093,Carlos,Smith,1999-12-03,2,1991-04-22,4,121104
1094,Brett,Shields,1984-07-26,3,2012-03-11,4,95769
1095,Angela,Jones,1998-06-16,3,2009-08-26,2,55309
1096,Amanda,James,1964-11-28,2,1992-11-11,5,152269
1097,Tammy,Clark,1997-09-27,3,1999-11-16,1,36710
1098,Michael,Reynolds,1966-10-05,1,2002-06-09,2,56442
1099,Tony,Hernandez,1967-03-31,3,2007-09-29,4,97192
1100,Dennis,Allen,1992-01-15,5,2011-05-14,4,121221
1101,Lisa,Smith,2001-08-20,5,2002-03-29,4,112402
1102,Carol,Douglas,1970-08-24,1,2005-02-18,1,36585
1103,Pamela,Brooks,1988-12-02,2,1994-05-18,3,108893
1104,Joshua,Hendrix,1999-07-20,3,2011-09-11,3,72035
1105,Rebecca,Clark,1979-05-09,1,2014-05-26,2,56250
1106,Hannah,Wilson,1976-10-01,4,2016-06-18,1,46902
1107,Tammy,Wilkerson,1976-06-02,1,2001-07-27,2,50395
1108,Victor,Larson,1982-04-05,1,2022-08-03,1,37437
1109,Lindsey,Thompson,1981-07-28,2,2018-06-22,3,97910
1110,Brandon,Allen,1966-01-10,1,2004-06-10,1,34225
1111,Brian,Hendrix,1981-05-19,1,2009-06-20,1,37668
1112,Scott,Sanchez,1975-12-16,2,2006-08-06,5,153862
1113,Pamela,Best,1993-04-13,3,1994-04-07,4,90885
1114,Amy,Stanley,1969-03-26,1,2014-01-22,3,71676
1115,Raymond,Jones,2002-01-21,1,2007-09-18,1,38299
1116,Breanna,House,1982-02-21,3,2016-06-07,2,58132
1117,Juan,Peterson,1998-05-24,4,2014-04-26,2,59677
1118,Erik,Cook,1973-07-03,2,2021-12-04,2,79329
1119,Colton,Graves,1991-11-13,2,2017-04-03,1,52526
1120,Joshua,Martinez,1982-06-28,4,2009-11-01,3,89962
1121,Manuel,Huang,1989-09-16,4,1998-03-09,2,69407
1122,Christopher,Lewis,1990-10-26,2,2006-07-04,3,106287
1123,Michele,Armstrong,1975-01-17,3,2021-01-01,2,61124
1124,Brian,Marshall,1988-12-01,3,2022-01-11,2,56087
1125,Amanda,King,1969-06-24,2,2009-03-27,3,101853
1126,Nicole,Hopkins,1999-01-12,3,2015-11-11,3,80156
1127,Blake,Riley,1967-01-13,4,2010-03-01,1,44952
1128,Lisa,Jackson,1965-07-11,4,1996-03-29,6,158268
1129,Matthew,Kidd,1971-03-11,1,2014-03-02,2,54758
1130,Eugene,Serrano,1986-05-27,4,2016-02-04,2,69815
1131,Jason,Turner,1970-01-26,3,2020-05-12,2,55990
1132,Kayla,Kim,1999-05-17,5,1994-01-06,4,120737
1133,Kathleen,Johnson,1983-04-08,5,2012-01-18,3,100878
1134,Taylor,Reese,1977-03-12,4,1997-09-08,3,85884
1135,Jerry,Rush,1992-12-14,1,2018-12-13,2,58039
1136,Austin,Thomas,1978-04-20,5,2010-12-19,4,121574
1137,Daniel,Davis,1972-06-12,1,2001-09-14,2,49583
1138,Jill,Wright,1973-10-27,4,2015-05-05,2,61286
1139,Christopher,Arias,1979-02-01,4,2013-01-27,2,67512
1140,Logan,Lewis,1981-05-13,2,2002-05-17,3,105472
1141,Stacey,Hall,1964-08-17,1,2019-10-02,2,54905
1142,Danny,Brown,1982-04-17,5,1992-10-12,3,87189
1143,Kristin,Ryan,1966-07-09,2,1999-11-26,1,52303
1144,Andrea,Arnold,2001-06-10,5,1987-09-19,5,149151
1145,Richard,Heath,1969-03-17,5,2009-02-01,3,100348
1146,Jessica,Morgan,1985-05-06,2,2009-03-01,6,194074
1147,Sean,Jenkins,1978-01-17,1,2004-01-17,1,36493
1148,Jennifer,Garcia,1996-02-20,3,1996-09-02,3,80791
1149,Jennifer,Ross,1979-07-04,2,2000-11-17,5,141853
1150,Lisa,Nunez,2002-01-14,2,2008-11-23,3,97517
1151,Bobby,Johnson,1990-08-25,2,1999-12-14,6,188431
1152,Rhonda,Casey,2002-06-29,1,2000-06-08,2,54239
1153,Amanda,Collier,1985-04-14,2,2011-04-29,2,83151
1154,Terri,Villarreal,1986-03-08,5,2001-05-30,1,50751
1155,Mikayla,Moore,1997-10-04,2,2007-06-29,1,51943
1156,Elizabeth,Jimenez,1983-07-04,1,1998-05-18,4,94016
1157,Jermaine,Coleman,1973-11-19,4,2011-04-11,1,42770
1158,Shawn,Diaz,1989-04-08,5,2010-12-01,3,97058
1159,Catherine,Lopez,1997-08-23,1,2013-06-21,2,57070
1160,Penny,Ramos,1974-01-13,5,1992-07-05,6,154562
1161,Robert,Fox,1980-05-05,4,2011-09-25,2,62877
1162,Sean,French,1968-03-04,2,1986-08-23,6,164709
1163,Lisa,Holloway,1996-10-10,5,1992-06-14,3,91628
1164,Tracey,Tucker,1971-03-20,5,2005-05-18,5,134683
1165,Teresa,Cole,1985-04-23,1,2014-01-15,2,52910
1166,Robert,Terry,1976-06-29,3,2011-08-30,2,57634
1167,Adam,Herman,1980-01-26,3,1998-07-20,3,84641
1168,James,Ellis,1969-11-13,4,1989-11-14,6,140183
1169,Kaitlyn,Todd,1971-05-18,1,2018-12-15,2,52898
1170,Angela,Chavez,1996-10-02,1,2009-09-07,1,35601
1171,Ann,Snyder,1965-06-04,4,2019-10-14,1,47503
1172,Gregory,Nichols,1978-03-05,1,2011-05-07,5,97578
1173,Wesley,Hayes,2000-12-03,3,2000-09-27,1,38947
1174,Michael,Castillo,1987-03-18,3,2011-10-19,1,37707
1175,Amy,Ortiz,1996-05-20,2,2019-10-18,2,81244
1176,Richard,Rivera,1971-05-30,4,2015-07-27,3,96270
1177,Jessica,Baker,1974-10-18,2,2003-03-29,1,49176
1178,Craig,Mack,1972-05-15,5,2019-01-09,3,88663
1179,Sabrina,Sullivan,1983-10-12,3,1988-06-01,5,116581
1180,Elizabeth,Bartlett,1969-09-04,2,1992-10-28,4,121044
1181,Patricia,Davis,2002-03-16,4,2009-07-23,1,46516
1182,Janice,Baird,1970-01-21,3,1999-08-06,2,56949
1183,Darryl,Robinson,1975-05-07,3,2017-01-15,2,58279
1184,Debbie,Soto,1989-05-03,4,2012-06-06,1,41486
1185,Deanna,Robinson,1992-06-09,4,2002-08-15,3,91242
1186,Amanda,Salas,1977-09-28,1,2010-03-18,5,97486
1187,Diana,Mckenzie,1967-04-21,3,2002-03-24,2,64617
1188,Brian,Washington,1976-07-09,5,1994-05-22,5,138017
1189,Christopher,Lynn,1982-04-19,3,2006-01-15,1,36650
1190,Olivia,Miller,1996-01-10,5,1992-01-09,5,141913
1191,Taylor,Hernandez,1974-07-04,4,2006-02-23,4,107249
1192,Eric,Gonzalez,1986-05-14,1,1996-09-10,2,59109
1193,Karen,Newman,1971-12-08,5,2004-05-08,2,73086
1194,Anna,Smith,1983-09-08,5,2009-07-08,2,74064
1195,Theresa,Smith,1972-04-22,5,1998-10-13,6,182319
1196,Stephen,Long,1977-06-05,3,1995-09-29,3,82602
1197,Paul,Simmons,1978-10-24,1,1988-12-12,5,107649
1198,John,Guzman,1969-11-24,4,2005-09-18,2,67096
1199,Erik,Bishop,1967-06-19,4,2003-03-09,4,108517
1200,Edward,King,1980-03-19,1,2017-12-06,2,52465
1201,Nancy,Hunt,1970-04-06,4,2013-07-10,3,90287
1202,Mary,Anderson,1968-10-26,3,2016-05-26,2,60198
1203,Rachel,Payne,1988-03-04,4,2012-12-26,1,40691
1204,Glenn,Brooks,1979-11-14,1,1997-08-31,3,73125
1205,Mark,Ramos,1964-08-22,1,2013-11-27,1,36910
1206,Caitlin,Livingston,1980-11-10,3,2010-07-07,2,54434
1207,Michele,Lee,1972-08-07,1,2006-05-23,1,33344
1208,Christopher,Miller,1969-07-23,3,1993-10-17,5,109490
1209,Allison,Salazar,1965-04-01,5,2008-11-02,5,148589
1210,April,Fox,1976-12-16,3,2001-08-22,2,59876
1211,Ashley,Ramirez,1967-06-01,2,2008-09-19,5,163667
1212,Matthew,Rogers,1995-03-31,5,2013-11-23,2,70881
1213,Andrew,Scott,1995-01-05,5,2009-10-02,4,122768
1214,Bruce,Humphrey,1986-05-02,3,2003-11-02,2,61645
1215,Maria,Harvey,1995-11-30,4,2007-02-06,3,84872
1216,Michael,Davis,1996-02-29,3,2008-08-03,1,39903
1217,Troy,Hooper,1983-08-22,2,1992-04-03,4,125950
1218,Christopher,Sanchez,1988-06-05,1,2016-09-22,1,37518
1219,Diana,Williams,1995-12-27,5,2003-11-24,5,156956
1220,Daniel,Bailey,1985-11-08,3,1998-12-19,2,59576
1221,Austin,Johnson,1979-01-27,2,2010-02-07,4,119497
1222,Gary,Mullins,1969-03-27,5,2014-04-30,3,95466
1223,Spencer,Lamb,1986-04-05,5,2002-12-25,2,76246
1224,James,Lawson,1979-08-23,3,2015-06-17,1,36327
1225,Emily,Chen,1977-12-16,2,2014-03-07,2,78309
1226,Rebecca,Henderson,1992-01-18,2,2015-12-24,2,77833
1227,Jason,Massey,1970-12-09,3,2003-12-26,1,42961
1228,Joshua,Phillips,1984-09-24,1,2007-02-21,1,39089
1229,Theresa,Alexander,1993-04-05,5,2009-01-26,2,69656
1230,Sarah,Hess,1975-04-28,1,2018-04-29,1,37823
1231,Curtis,Butler,1999-11-25,5,2017-03-01,2,77833
1232,Brandon,Parrish,1973-07-10,2,2000-08-13,5,140838
1233,Debra,Lambert,1986-01-18,3,1998-04-25,2,59149
1234,Elizabeth,Jenkins,1964-07-19,3,2013-10-22,1,41515
1235,John,Osborn,2002-05-12,3,1995-04-28,3,73168
1236,Jeffrey,Martinez,1998-06-13,3,2009-05-04,2,64947
1237,Thomas,Contreras,1994-09-15,3,2011-10-08,3,81369
1238,Nathan,Morales,1975-04-25,4,2004-11-30,1,42043
1239,Jennifer,Oliver,1973-02-20,4,2001-08-08,1,42037
1240,Monica,Davis,2002-04-09,5,1999-08-06,4,125232
1241,Haley,Boyd,1992-10-26,4,2007-04-03,3,85513
1242,Julie,Ross,1991-06-18,2,2009-08-03,5,148199
1243,Regina,May,2001-04-24,1,2016-02-06,1,35250
1244,Donna,Acosta,1982-11-07,2,2005-01-09,4,133463
1245,Traci,Livingston,1984-12-08,5,1994-11-01,3,99174
1246,Seth,Collins,1977-12-05,1,2014-01-25,3,78127
1247,Juan,Walker,1997-08-19,4,2005-05-10,4,115728
1248,Jeremy,Hurst,1983-01-28,2,2005-10-22,3,102510
1249,Summer,Randall,1965-07-28,3,2017-07-19,1,36349
1250,Kelly,Brown,1983-05-10,1,1993-07-06,3,72002
1251,Kevin,Tyler,1970-11-03,4,2015-01-14,2,71430
1252,Albert,Gutierrez,1992-01-01,3,2012-03-20,3,75273
1253,Richard,Obrien,1987-05-23,5,2011-06-05,3,89581
1254,Manuel,Anderson,1994-08-10,2,2009-09-27,2,73299
1255,Michael,Willis,1994-08-11,1,2006-04-24,6,130514
1256,Lisa,Armstrong,1971-07-24,5,2003-05-16,2,77626
1257,Brent,Williams,1978-04-23,4,2006-12-22,3,80753
1258,Jordan,Hanson,1976-06-15,3,2010-01-10,1,37103
1259,Kelly,Cain,1966-12-12,2,1997-08-29,4,139360
1260,Cody,Thompson,1997-10-09,5,1996-06-10,2,66642
1261,Terri,Richardson,1969-09-23,2,2001-07-31,2,85355
1262,Wanda,Patrick,1979-09-27,1,2007-09-10,3,72528
1263,Anthony,Huang,1975-08-23,2,2000-02-26,5,145102
1264,Amy,Meadows,1993-08-11,5,1994-09-11,3,99391
1265,Robert,Garcia,1969-04-27,1,2002-04-18,3,75110
1266,John,Ward,1966-03-03,5,2009-11-03,3,86711
1267,Corey,Turner,1986-11-27,5,1998-08-01,5,136753
1268,Timothy,Jackson,1983-08-20,5,2012-02-11,4,110241
1269,Joseph,Poole,1983-07-03,4,2001-04-08,1,39601
1270,Edgar,Campbell,1986-09-23,4,2001-03-23,1,44086
1271,Ronnie,Barajas,1972-11-02,3,1995-10-25,5,121186
1272,Melinda,Murray,1981-12-16,3,2001-01-14,3,79369
1273,Jessica,Hopkins,2001-12-24,3,2011-04-25,2,56210
1274,Christopher,Rodriguez,1994-07-06,1,2001-01-16,3,78094
1275,Michael,Young,1978-06-26,4,2007-01-04,2,67316
1276,Barbara,Callahan,1963-08-07,3,2013-01-05,3,84316
1277,Steven,Smith,2002-04-13,3,2004-10-12,3,80282
1278,Gregory,Weiss,1966-05-03,5,2004-04-05,1,50475
1279,Laura,Hampton,1978-01-17,5,1994-02-03,4,116614
1280,William,Martinez,1966-02-05,5,2016-01-21,2,73715
1281,David,Lowery,1983-10-20,3,2012-12-17,1,43067
1282,Joe,Gray,1964-07-09,3,2013-08-04,1,39466
1283,William,Smith,1998-05-24,2,2019-02-25,2,73215
1284,Martha,Thompson,1983-12-14,4,2005-09-20,2,59828
1285,Stephen,Clark,1976-01-06,2,2010-07-25,2,78413
1286,Kelsey,Johnson,1980-12-23,1,2015-02-23,2,59194
1287,Scott,Hicks,1983-09-06,5,1993-08-12,4,120019
1288,Sheila,Perry,1985-09-16,2,1999-03-25,6,166413
1289,Chad,Weiss,2001-07-19,5,1997-07-02,3,103319
1290,Ricardo,Richardson,1976-08-18,4,2016-03-04,3,95168
1291,Karen,Silva,1971-02-24,3,2019-12-14,1,41859
1292,John,Holmes,1971-01-23,4,1996-10-26,5,131042
1293,Heather,Burke,1994-08-26,1,2014-07-04,1,38389
1294,Rebecca,Castro,1975-02-26,5,2003-09-08,3,98929
1295,Russell,Davis,1972-12-25,4,2005-02-17,1,41006
1296,Mark,Lane,1990-05-25,5,2012-10-16,4,131611
1297,Megan,Davenport,1993-08-27,2,2007-02-25,4,123805
1298,Ryan,Henson,1973-10-04,1,2015-10-03,1,38688
1299,Bethany,Rich,2001-11-14,3,2006-09-13,4,101335
1300,Kimberly,Harper,1968-07-05,5,2021-09-16,1,44809
1301,Benjamin,Morton,1992-08-02,2,1997-04-11,2,72527
1302,Michael,Ferguson,1996-09-06,2,1995-06-08,3,101838
1303,Mark,Boyd,1973-09-10,3,2011-06-29,2,58996
1304,Monica,Doyle,1968-03-09,4,2012-10-05,1,43179
1305,Zachary,Wiggins,1985-08-18,1,2008-11-14,3,68267
1306,Stacy,Miranda,1987-07-16,2,2011-02-23,5,152343
1307,Darren,Macias,1979-08-02,5,1999-06-07,4,127881
1308,Stephanie,Shaw,1982-07-26,2,1996-12-12,3,106479
1309,Samuel,Sims,1982-09-28,3,1993-08-02,5,119611
1310,Erik,Haynes,1972-08-30,2,1995-07-11,3,110982
1311,Daniel,Barr,1983-07-07,4,2007-12-11,3,89677
1312,Ashley,Davis,1985-05-17,1,2013-05-30,2,54541
1313,Jaime,Mendez,1997-08-07,5,2008-07-03,5,132792
1314,Tara,Salas,1969-06-04,4,2006-06-05,1,40296
1315,Victor,Coleman,1985-05-13,2,1998-09-22,3,98797
1316,Victoria,Mahoney,1977-01-27,4,2012-07-19,3,81865
1317,Jessica,Le,1974-07-29,5,1998-12-09,3,88964
1318,Erin,Smith,1981-04-06,1,2000-04-06,2,58148
1319,Katherine,Rangel,1995-10-06,2,1998-11-10,3,99539
1320,Philip,Sanchez,1994-02-01,2,2014-03-30,2,81004
1321,Adrian,Jones,1988-04-26,4,2009-05-06,2,66369
1322,Steven,White,2001-12-07,1,1999-03-04,4,81931
1323,Heidi,Ward,1973-09-05,4,2008-01-20,1,40915
1324,Stephanie,Bell,1987-09-13,4,2005-04-28,4,107383
1325,Jill,Williams,2002-05-24,3,2016-03-10,2,60607
1326,Nicholas,Price,1991-08-12,3,2004-02-29,1,43385
1327,Andre,Kent,1986-06-26,4,2000-01-31,5,133835
1328,Hailey,Sanford,1979-10-04,3,2010-12-18,2,62017
1329,Melissa,Mills,1986-01-22,5,2015-10-27,1,47165
1330,Catherine,Miller,1976-07-28,3,2007-11-09,2,56899
1331,Barbara,Brown,1990-02-11,1,2001-12-13,4,98267
1332,Michelle,Rodriguez,1974-10-31,3,1999-03-03,2,64553
1333,Maria,Garza,1994-05-18,1,2007-07-07,2,53547
1334,Gregory,Roberts,1967-12-02,4,2006-01-08,1,42406
1335,Theresa,Mckinney,1982-03-05,1,2003-01-03,3,70964
1336,Nathaniel,Vaughn,1970-02-20,3,2011-03-08,4,109503
1337,Kenneth,Miller,1968-11-17,2,2008-12-23,3,97003
1338,Danielle,Lewis,1968-01-02,4,2005-08-16,1,45095
1339,Vincent,Hall,1978-07-26,4,2011-09-29,5,140234
1340,Debbie,Sweeney,1987-01-03,4,2001-03-15,5,143588
1341,Kevin,Murphy,1991-02-28,4,1999-06-10,2,72253
1342,Michael,Aguilar,2001-01-16,1,1986-09-12,6,137131
1343,Kimberly,Lewis,1988-03-06,5,2013-09-28,3,87563
1344,Julia,Wong,1972-10-26,4,2016-04-03,3,92627
1345,Louis,Smith,1972-11-16,3,2013-05-31,3,85583
1346,Christopher,Duncan,1983-05-09,5,1994-12-16,5,148486
1347,Steven,Lindsey,1972-04-22,2,2012-10-04,4,134996
1348,Heather,Walker,1968-05-20,5,2013-04-17,3,93574
1349,Kevin,Smith,1996-08-21,3,2006-01-02,5,111460
1350,Teresa,Parsons,1968-12-25,3,2014-06-09,3,80783
1351,Hayley,Green,1982-11-03,1,2016-11-10,3,66938
1352,Robert,Gordon,1997-09-04,4,2017-09-19,2,59771
1353,Julia,Mckenzie,1986-11-03,4,2021-09-28,1,44241
1354,Robert,Robinson,1999-09-17,5,2014-09-19,3,86849
1355,Jesse,Davis,1987-05-05,2,2003-08-06,3,102098
1356,Brian,Sanders,1987-10-05,1,2021-11-12,1,35162
1357,Michael,Burke,1986-03-25,1,2010-09-23,4,95613
1358,Sarah,Robinson,1989-09-12,5,1995-03-13,3,99599
1359,Jesse,Benton,1963-12-20,3,1998-06-01,2,61036
1360,James,Huynh,1984-04-11,3,2000-03-18,2,63115
1361,Andrea,Chan,1982-03-08,1,1997-11-21,3,79004
1362,April,Woodward,1966-06-18,1,2023-07-17,1,34093
1363,Samantha,Johnson,1983-01-20,2,2009-10-16,3,106932
1364,Robert,Johnson,1967-01-06,1,1988-05-27,5,116674
1365,Susan,Daniel,1982-03-27,5,2009-02-04,5,129684
1366,David,Thomas,1983-10-22,4,2020-01-07,2,62080
1367,Eugene,Shaw,1986-06-03,1,2015-06-05,1,34430
1368,Don,Bailey,1998-04-01,3,2007-01-24,3,73495
1369,Megan,Brooks,1985-05-23,1,2006-03-13,3,65470
1370,John,Burke,1987-03-03,3,2018-11-19,2,54913
1371,James,Gonzalez,1986-06-06,4,2014-02-14,4,101446
1372,Kayla,Chapman,1967-01-29,2,2000-06-18,3,96806
1373,Christine,Reed,1994-05-03,3,2007-04-21,1,41337
1374,John,Bentley,1977-04-06,4,2009-07-31,1,40316
1375,Lauren,Goodman,1979-02-08,2,2010-05-22,3,105180
1376,Paul,Phillips,1969-03-15,5,1998-09-15,3,100811
1377,Natasha,Briggs,1971-01-21,2,2017-07-09,2,71336
1378,Adam,Hernandez,1997-11-27,4,1994-08-21,3,85759
1379,Stephanie,Watson,2001-09-22,3,2011-04-02,3,85927
1380,Jesus,Ho,1988-12-16,5,2014-12-19,1,51072
1381,Susan,Frank,1989-08-23,1,2017-12-14,1,37576
1382,Sarah,Campbell,1985-05-31,2,1997-12-11,4,120901
1383,Megan,Price,1984-07-16,2,2007-04-06,5,153450
1384,William,White,1992-09-15,2,2002-10-19,3,111723
1385,Taylor,Hudson,1974-05-21,4,2001-04-14,2,67619
1386,Richard,Barker,1974-05-02,1,1998-08-09,4,94401
1387,Candice,Williams,1990-07-20,5,2014-09-20,3,103469
1388,Stacy,Ramirez,2000-11-11,1,1989-11-04,6,123150
1389,Dawn,Odonnell,1988-10-19,5,2004-03-21,4,110513
1390,Joseph,Porter,1986-03-30,4,2005-01-14,3,91430
1391,Christopher,Valenzuela,1970-04-01,2,2009-06-24,4,132814
1392,Jessica,Lopez,2000-12-16,3,2004-11-20,1,39175
1393,Kevin,Gibson,1981-06-12,5,1991-08-18,5,138014
1394,Ryan,Hall,1982-10-22,1,2002-12-23,3,70863
1395,Isaac,Brown,1973-01-15,1,1997-01-19,2,51605
1396,Shawn,Mata,1972-09-03,5,1999-07-08,5,134940
1397,Samuel,Jensen,1969-10-25,2,2004-02-23,2,83604
1398,Lisa,Powell,1986-12-11,3,1993-01-03,4,92424
1399,John,Cain,1991-12-14,2,2000-08-12,5,151311
1400,Tammy,Gibson,1999-07-14,3,2009-11-12,4,91273
1401,James,Howard,1973-09-20,3,2011-06-21,3,83132
1402,Emily,Flores,1990-03-07,3,2015-10-09,2,58668
1403,Mark,Allen,1965-04-23,3,2001-08-08,2,60809
1404,Kenneth,Keith,1997-07-29,5,2013-07-12,5,132914
1405,Andrew,Curry,1999-08-04,4,2015-03-18,3,87800
1406,Laura,Russell,1986-01-05,2,2000-05-09,2,78374
1407,Jessica,Rodriguez,1972-07-24,4,1996-01-15,4,101363
1408,Matthew,Lee,1984-03-22,5,2007-01-18,4,123327
1409,Holly,Johnson,1984-11-28,2,2008-04-16,3,95994
1410,Justin,Frazier,1985-05-08,1,1998-07-29,5,117131
1411,Christina,Jones,1964-11-13,5,2009-07-18,2,77412
1412,Katie,Greene,1986-01-10,2,2011-02-22,3,99663
1413,Jessica,Cole,1978-04-12,5,2014-03-10,4,108306
1414,Cameron,Duncan,1964-03-30,1,2019-07-07,2,57814
1415,Sara,Ruiz,1977-08-25,3,2019-08-31,1,42485
1416,Jordan,Lowe,1976-07-01,1,2009-12-16,2,55483
1417,Taylor,Hernandez,1964-05-19,2,1998-10-21,3,106378
1418,Samantha,Jones,1977-01-10,4,2019-11-02,2,62155
1419,Lori,Young,1966-06-02,5,2017-06-02,2,66357
1420,David,Castro,1970-07-22,2,2010-02-19,2,73848
1421,Victoria,Hensley,1971-03-05,4,2006-01-13,5,118890
1422,Thomas,Patterson,1983-11-20,5,1995-02-01,3,100226
1423,Kenneth,Fox,1971-08-07,2,2012-04-22,4,123575
1424,Kenneth,Lewis,1982-08-07,3,2013-03-29,3,84644
1425,Brad,Ewing,1994-01-10,2,2001-09-28,4,136166
1426,Brian,Neal,1983-12-21,4,2003-04-11,2,60562
1427,Robert,Roman,1967-08-16,5,1990-08-23,6,161629
1428,Nathan,Hunter,1996-03-31,1,2009-01-05,1,37943
1429,Susan,May,2000-11-09,5,1992-01-13,3,89165
1430,Robert,Mullins,1989-12-28,1,1991-04-06,6,113406
1431,Caleb,Martin,1986-03-29,5,2005-04-25,1,49721
1432,Denise,Burke,1964-12-06,3,2019-09-13,2,59695
1433,Troy,Sexton,1965-06-11,1,2003-07-05,1,39330
1434,Chloe,Jones,1973-08-28,1,1994-07-17,4,93928
1435,Megan,Ryan,1987-03-09,1,1992-10-02,3,77016
